"site","year","sp","ab"
17,1980,"Dipsosaurus_dorsalis",58
22,1978,"Gambelia_wislizeni",12
22,1978,"Eumeces_gilberti",13
22,1978,"Cnemidophorus_velox",20
22,1978,"Cnemidophorus_exanguis",27
22,1978,"Callisaurus_draconoides",33
22,1978,"Holbrookia_maculata",40
22,1978,"Cnemidophorus_tigris",47
22,1978,"Crotaphytus_collaris",52
22,1978,"Cophosaurus_texanus",54
22,1978,"Uta_stansburiana",79
22,1978,"Urosaurus_ornatus",102
22,1978,"Sceloporus_undulatus",133
22,1978,"Sceloporus_magister",145
23,1978,"Uta_stansburiana",31
23,1978,"Urosaurus_ornatus",37
23,1978,"Gambelia_wislizeni",41
23,1978,"Sceloporus_undulatus",60
23,1978,"Eumeces_gilberti",67
23,1978,"Holbrookia_maculata",68
23,1978,"Sceloporus_magister",70
23,1978,"Callisaurus_draconoides",89
23,1978,"Cnemidophorus_velox",92
23,1978,"Crotaphytus_collaris",94
23,1978,"Cophosaurus_texanus",103
23,1978,"Cnemidophorus_exanguis",118
23,1978,"Cnemidophorus_tigris",126
24,1978,"Eumeces_gilberti",1
24,1978,"Cnemidophorus_exanguis",1
24,1978,"Cnemidophorus_tigris",3
24,1978,"Gambelia_wislizeni",3
24,1978,"Cnemidophorus_velox",4
24,1978,"Phrynosoma_platyrhinos",6
24,1978,"Cophosaurus_texanus",11
24,1978,"Holbrookia_maculata",13
24,1978,"Uta_stansburiana",15
24,1978,"Urosaurus_ornatus",17
24,1978,"Crotaphytus_collaris",18
24,1978,"Sceloporus_magister",39
24,1978,"Sceloporus_undulatus",43
25,1978,"Holbrookia_maculata",4
25,1978,"Uta_stansburiana",4
25,1978,"Gambelia_wislizeni",5
25,1978,"Urosaurus_ornatus",5
25,1978,"Cophosaurus_texanus",7
25,1978,"Phrynosoma_platyrhinos",7
25,1978,"Crotaphytus_collaris",9
25,1978,"Sceloporus_magister",10
25,1978,"Sceloporus_undulatus",15
25,1978,"Eumeces_gilberti",16
25,1978,"Cnemidophorus_tigris",24
25,1978,"Cnemidophorus_velox",27
25,1978,"Cnemidophorus_exanguis",39
26,1978,"Dipsosaurus_dorsalis",2
26,1978,"Sauromalus_obesus",6
26,1978,"Gambelia_wislizeni",14
26,1978,"Phrynosoma_solare",19
26,1978,"Crotaphytus_collaris",26
26,1978,"Coleonyx_variegatus",33
26,1978,"Phrynosoma_platyrhinos",35
26,1978,"Callisaurus_draconoides",57
26,1978,"Cophosaurus_texanus",59
26,1978,"Urosaurus_ornatus",80
26,1978,"Cnemidophorus_tigris",115
26,1978,"Uta_stansburiana",117
26,1978,"Sceloporus_magister",194
27,1978,"Sauromalus_obesus",2
27,1978,"Dipsosaurus_dorsalis",3
27,1978,"Phrynosoma_solare",5
27,1978,"Gambelia_wislizeni",7
27,1978,"Phrynosoma_platyrhinos",8
27,1978,"Coleonyx_variegatus",10
27,1978,"Crotaphytus_collaris",12
27,1978,"Cophosaurus_texanus",17
27,1978,"Callisaurus_draconoides",18
27,1978,"Urosaurus_ornatus",25
27,1978,"Uta_stansburiana",31
27,1978,"Sceloporus_magister",52
27,1978,"Cnemidophorus_tigris",54
28,1978,"Dipsosaurus_dorsalis",1
28,1978,"Phrynosoma_platyrhinos",4
28,1978,"Gambelia_wislizeni",5
28,1978,"Coleonyx_variegatus",9
28,1978,"Urosaurus_ornatus",14
28,1978,"Cophosaurus_texanus",15
28,1978,"Uta_stansburiana",15
28,1978,"Callisaurus_draconoides",16
28,1978,"Urosaurus_graciosus",29
28,1978,"Cnemidophorus_tigris",37
28,1978,"Sceloporus_magister",150
29,1978,"Phrynosoma_solare",5
29,1978,"Dipsosaurus_dorsalis",6
29,1978,"Urosaurus_ornatus",8
29,1978,"Uta_stansburiana",10
29,1978,"Gambelia_wislizeni",12
29,1978,"Phrynosoma_platyrhinos",13
29,1978,"Coleonyx_variegatus",13
29,1978,"Urosaurus_graciosus",16
29,1978,"Cophosaurus_texanus",43
29,1978,"Callisaurus_draconoides",49
29,1978,"Sceloporus_magister",51
29,1978,"Cnemidophorus_tigris",84
30,1978,"Sauromalus_obesus",1
30,1978,"Gambelia_wislizeni",2
30,1978,"Dipsosaurus_dorsalis",2
30,1978,"Eumeces_gilberti",4
30,1978,"Phrynosoma_platyrhinos",6
30,1978,"Crotaphytus_collaris",7
30,1978,"Coleonyx_variegatus",7
30,1978,"Uta_stansburiana",12
30,1978,"Cophosaurus_texanus",26
30,1978,"Phrynosoma_douglassi",32
30,1978,"Urosaurus_ornatus",33
30,1978,"Cnemidophorus_tigris",66
30,1978,"Sceloporus_magister",221
31,1978,"Dipsosaurus_dorsalis",1
31,1978,"Sauromalus_obesus",1
31,1978,"Uta_stansburiana",3
31,1978,"Gambelia_wislizeni",4
31,1978,"Phrynosoma_platyrhinos",4
31,1978,"Crotaphytus_collaris",5
31,1978,"Coleonyx_variegatus",5
31,1978,"Urosaurus_ornatus",9
31,1978,"Urosaurus_ornatus",9
31,1978,"Eumeces_gilberti",23
31,1978,"Cophosaurus_texanus",28
31,1978,"Phrynosoma_douglassi",28
31,1978,"Sceloporus_magister",37
31,1978,"Cnemidophorus_tigris",53
127,1989,"Elaphe_emoryi",1
127,1989,"Elaphe_obsoleta",1
127,1989,"Phrynosoma_cornutum",1
127,1989,"Nerodia_sipedon",1
127,1989,"Lampropeltis_triangulum",2
127,1989,"Eumeces_obsoletus",3
127,1989,"Tantilla_gracilis",3
127,1989,"Coluber_constrictor",4
127,1989,"Masticophis_flagellum",4
127,1989,"Crotaphytus_collaris",6
127,1989,"Diadophis_punctatus",7
128,1990,"Lampropeltis_calligaster",1
128,1990,"Storeria_dekayi",1
128,1990,"Trachemys_scripta",1
128,1990,"Chelydra_serpentina",1
128,1990,"Masticophis_flagellum",1
128,1990,"Thamnophis_proximus",1
128,1990,"Lampropeltis_getula",2
128,1990,"Eumeces_obsoletus",2
128,1990,"Scincella_lateralis",2
128,1990,"Nerodia_sipedon",2
128,1990,"Agkistrodon_contortrix",2
128,1990,"Thamnophis_sirtalis",3
128,1990,"Elaphe_emoryi",3
128,1990,"Lampropeltis_triangulum",4
128,1990,"Ophisaurus_attenuatus",4
128,1990,"Tantilla_gracilis",6
128,1990,"Crotaphytus_collaris",7
128,1990,"Coluber_constrictor",12
128,1990,"Diadophis_punctatus",33
130,1993,"Elaphe_emoryi",1
130,1993,"Lampropeltis_getula",1
130,1993,"Pituophis_catenifer",1
130,1993,"Scincella_lateralis",1
130,1993,"Ambystoma_texanum",1
130,1993,"Cnemnidophorous_sexlineatus",1
130,1993,"Tropidoclonion_lineatum",2
130,1993,"Ophisaurus_attenuatus",2
130,1993,"Crotaphytus_collaris",3
130,1993,"Coluber_constrictor",5
130,1993,"Eumeces_obsoletus",11
130,1993,"Diadophis_punctatus",29
130,1993,"Tantilla_gracilis",30
132,1995,"Lampropeltis_triangulum",1
132,1995,"Lampropeltis_calligaster",1
132,1995,"Trachemys_scripta",1
132,1995,"Chelydra_serpentina",1
132,1995,"Agkistrodon_contortrix",1
132,1995,"Lampropeltis_getula",2
132,1995,"Ophisaurus_attenuatus",2
132,1995,"Masticophis_flagellum",2
132,1995,"Elaphe_emoryi",3
132,1995,"Crotaphytus_collaris",3
132,1995,"Thamnophis_sirtalis",4
132,1995,"Coluber_constrictor",5
132,1995,"Eumeces_obsoletus",12
132,1995,"Tantilla_gracilis",14
132,1995,"Diadophis_punctatus",47
133,1996,"Lampropeltis_triangulum",1
133,1996,"Ophisaurus_attenuatus",1
133,1996,"Chelydra_serpentina",1
133,1996,"Elaphe_emoryi",2
133,1996,"Lampropeltis_getula",2
133,1996,"Trachemys_scripta",2
133,1996,"Eumeces_obsoletus",3
133,1996,"Thamnophis_sirtalis",4
133,1996,"Chrysemys_picta",4
133,1996,"Coluber_constrictor",5
133,1996,"Crotaphytus_collaris",5
133,1996,"Tantilla_gracilis",9
133,1996,"Diadophis_punctatus",10
134,1997,"Lampropeltis_getula",1
134,1997,"Lampropeltis_triangulum",1
134,1997,"Pituophis_catenifer",1
134,1997,"Trachemys_scripta",1
134,1997,"Chrysemys_picta",1
134,1997,"Chelydra_serpentina",1
134,1997,"Thamnophis_proximus",1
134,1997,"Thamnophis_sirtalis",2
134,1997,"Crotaphytus_collaris",4
134,1997,"Elaphe_emoryi",5
134,1997,"Eumeces_obsoletus",5
134,1997,"Ophisaurus_attenuatus",7
134,1997,"Coluber_constrictor",8
134,1997,"Tantilla_gracilis",9
134,1997,"Diadophis_punctatus",41
135,1998,"Lampropeltis_getula",1
135,1998,"Lampropeltis_calligaster",1
135,1998,"Phrynosoma_cornutum",1
135,1998,"Scincella_lateralis",1
135,1998,"Thamnophis_proximus",1
135,1998,"Tropidoclonion_lineatum",2
135,1998,"Nerodia_sipedon",2
135,1998,"Thamnophis_radix",2
135,1998,"Thamnophis_sirtalis",5
135,1998,"Crotaphytus_collaris",5
135,1998,"Ophisaurus_attenuatus",6
135,1998,"Eumeces_obsoletus",6
135,1998,"Coluber_constrictor",13
135,1998,"Tantilla_gracilis",18
135,1998,"Diadophis_punctatus",44
136,1999,"Nerodia_sipedon",1
136,1999,"Lampropeltis_getula",2
136,1999,"Tropidoclonion_lineatum",2
136,1999,"Scincella_lateralis",2
136,1999,"Trachemys_scripta",2
136,1999,"Thamnophis_radix",2
136,1999,"Thamnophis_sirtalis",4
136,1999,"Crotaphytus_collaris",4
136,1999,"Elaphe_emoryi",5
136,1999,"Coluber_constrictor",9
136,1999,"Eumeces_obsoletus",13
136,1999,"Tantilla_gracilis",18
136,1999,"Diadophis_punctatus",22
137,2000,"Elaphe_emoryi",1
137,2000,"Lampropeltis_calligaster",1
137,2000,"Cnemnidophorous_sexlineatus",1
137,2000,"Masticophis_flagellum",1
137,2000,"Tropidoclonion_lineatum",2
137,2000,"Thamnophis_sirtalis",3
137,2000,"Ophisaurus_attenuatus",3
137,2000,"Crotaphytus_collaris",3
137,2000,"Lampropeltis_getula",4
137,2000,"Scincella_lateralis",5
137,2000,"Thamnophis_proximus",7
137,2000,"Coluber_constrictor",12
137,2000,"Diadophis_punctatus",12
137,2000,"Tantilla_gracilis",28
137,2000,"Eumeces_obsoletus",36
138,2001,"Elaphe_emoryi",1
138,2001,"Ophisaurus_attenuatus",1
138,2001,"Nerodia_sipedon",1
138,2001,"Lampropeltis_getula",2
138,2001,"Trachemys_scripta",2
138,2001,"Thamnophis_proximus",2
138,2001,"Scincella_lateralis",3
138,2001,"Crotaphytus_collaris",4
138,2001,"Thamnophis_sirtalis",5
138,2001,"Coluber_constrictor",6
138,2001,"Diadophis_punctatus",14
138,2001,"Tantilla_gracilis",18
138,2001,"Eumeces_obsoletus",22
139,2002,"Lampropeltis_triangulum",1
139,2002,"Lampropeltis_calligaster",1
139,2002,"Ophisaurus_attenuatus",2
139,2002,"Scincella_lateralis",2
139,2002,"Thamnophis_sirtalis",3
139,2002,"Lampropeltis_getula",3
139,2002,"Crotaphytus_collaris",5
139,2002,"Coluber_constrictor",7
139,2002,"Eumeces_obsoletus",12
139,2002,"Diadophis_punctatus",12
139,2002,"Tantilla_gracilis",32
140,2003,"Tropidoclonion_lineatum",1
140,2003,"Ophisaurus_attenuatus",1
140,2003,"Ambystoma_texanum",1
140,2003,"Cnemnidophorous_sexlineatus",1
140,2003,"Masticophis_flagellum",1
140,2003,"Thamnophis_proximus",1
140,2003,"Lampropeltis_triangulum",2
140,2003,"Trachemys_scripta",3
140,2003,"Thamnophis_sirtalis",5
140,2003,"Crotaphytus_collaris",6
140,2003,"Coluber_constrictor",12
140,2003,"Eumeces_obsoletus",12
140,2003,"Tantilla_gracilis",17
140,2003,"Diadophis_punctatus",29
141,1995,"Coluber_constrictor",1
141,1995,"Cemophora_coccinea",1
141,1995,"Opheodrys_aestivus",1
141,1995,"Storeria_occipitomaculata",1
141,1995,"Lampropeltis_getula",2
141,1995,"Elaphe_guttata",2
141,1995,"Lampropeltis_triangulum",3
141,1995,"Tantilla_gracilis",3
141,1995,"Sistrurus_miliarius",3
141,1995,"Storeria_dekayi",4
141,1995,"Heterodon_platirhinos",4
141,1995,"Carphophis_vermis",5
141,1995,"Agkistrodon_contortrix",6
141,1995,"Virginia_valeriae",6
141,1995,"Masticophis_flagellum",7
141,1995,"Thamnophis_sirtalis",14
141,1995,"Diadophis_punctatus",26
142,1995,"Lampropeltis_triangulum",1
142,1995,"Nerodia_sipedon",1
142,1995,"Nerodia_erythrogaster",1
142,1995,"Virginia_valeriae",1
142,1995,"Agkistrodon_piscivorus",2
142,1995,"Lampropeltis_getula",3
142,1995,"Storeria_dekayi",3
142,1995,"Carphophis_vermis",3
142,1995,"Opheodrys_aestivus",3
142,1995,"Storeria_occipitomaculata",3
142,1995,"Coluber_constrictor",7
142,1995,"Thamnophis_sirtalis",7
142,1995,"Diadophis_punctatus",8
142,1995,"Agkistrodon_contortrix",19
143,1995,"Lampropeltis_triangulum",1
143,1995,"Cemophora_coccinea",1
143,1995,"Elaphe_obsoleta",2
143,1995,"Lampropeltis_calligaster",2
143,1995,"Diadophis_punctatus",2
143,1995,"Heterodon_platirhinos",2
143,1995,"Opheodrys_aestivus",2
143,1995,"Thamnophis_sirtalis",3
143,1995,"Nerodia_erythrogaster",3
143,1995,"Storeria_occipitomaculata",3
143,1995,"Storeria_dekayi",4
143,1995,"Agkistrodon_piscivorus",5
143,1995,"Coluber_constrictor",6
143,1995,"Agkistrodon_contortrix",6
143,1995,"Carphophis_vermis",8
143,1995,"Lampropeltis_getula",16
525,1994,"Boiruna_maculata",1
525,1994,"Chironius_quadricarinatus",1
525,1994,"Leptotyphlops_unguirostris",1
525,1994,"Liophis_guentheri",1
525,1994,"Sibynomorphus_lavillai",1
525,1994,"Anops_kingi",1
525,1994,"Lystrophis_pulcher",2
525,1994,"Philodryas_baroni",2
525,1994,"Philodryas_mattogrossensis",2
525,1994,"Amphisbaena_bolivica",2
525,1994,"Tupinambis_rufescens",2
525,1994,"Liophis_sagittifer",3
525,1994,"Stenocercus_doellojuradoi",3
525,1994,"Philodryas_psammophideus",4
525,1994,"Liophis_poecilogyrus",5
525,1994,"Micrurus_pyrrhocryptus",6
525,1994,"Phalotris_punctatus",6
525,1994,"Oxyrhopus_rhombifer",7
525,1994,"Cnemidophorus_ocellifer",7
525,1994,"Phimophis_vittatus",10
525,1994,"Homonota_fasciate",13
525,1994,"Ameiva_ameiva",14
525,1994,"Liolaemus_chacoensis",14
525,1994,"Bothrops_neuwiedii",19
525,1994,"Tropidurus_etheridgei",33
525,1994,"Teius_teyou",93
526,1994,"Boiruna_maculata",1
526,1994,"Crotalus_durissus",1
526,1994,"Liophis_poecilogyrus",1
526,1994,"Amphisbaena_darwini",1
526,1994,"Ameiva_ameiva",1
526,1994,"Liolaemus_chacoensis",1
526,1994,"Phyllopezus_pollicaris",1
526,1994,"Urostrophus_gallardoi",1
526,1994,"Philodryas_mattogrossensis",2
526,1994,"Waglerophis_merremi",2
526,1994,"Homonota_fasciate",2
526,1994,"Tropidurus_spinulosus",2
526,1994,"Phalotris_punctatus",3
526,1994,"Liophis_guentheri",4
526,1994,"Micrurus_pyrrhocryptus",4
526,1994,"Philodryas_baroni",4
526,1994,"Phimophis_vittatus",4
526,1994,"Lystrophis_pulcher",7
526,1994,"Oxyrhopus_rhombifer",8
526,1994,"Sibynomorphus_lavillai",10
526,1994,"Tupinambis_rufescens",10
526,1994,"Philodryas_psammophideus",12
526,1994,"Tropidurus_etheridgei",16
526,1994,"Stenocercus_doellojuradoi",17
526,1994,"Bothrops_neuwiedii",19
526,1994,"Cnemidophorus_ocellifer",21
526,1994,"Teius_teyou",63
527,NA,"Heliobolus_lugubris",1
527,NA,"Hemidactylus_mabouia",1
527,NA,"Pachydactylus_punctatus",1
527,NA,"Gerrhosaurus_flavigularis",3
527,NA,"Chamaeleo_dilepis",3
527,NA,"Pedioplanis_lineoocellata",4
527,NA,"Nucras_intertexta",5
527,NA,"Mabuya_striata",8
527,NA,"Mabuya_varia",9
527,NA,"Homopholis_wahlbergii",11
527,NA,"Cordylus_tropidosternum",18
527,NA,"Acanthocercus_atricollis",28
527,NA,"Lygodactylus_capensis",222
529,2000,"Heternotia_binoei",1
529,2000,"Rhynchoedura_ornata",1
529,2000,"Egernia_inornata",1
529,2000,"Lerista_muelleri",1
529,2000,"Tiliqua_occipitalis",1
529,2000,"Varanus_caudolineatus",1
529,2000,"Ramphotyphlops_bituberculatus",1
529,2000,"Pseudonaja_modesta",1
529,2000,"Suta_fasciata",1
529,2000,"Lialis_burtonis",2
529,2000,"Ctenophorus_scutulatus",3
529,2000,"Delma_australis",3
529,2000,"Hemiergis_initialis",3
529,2000,"Cryptoblepharus_plagiocephalus",4
529,2000,"Lerista_picturata",4
529,2000,"Parasuta_monachus",4
529,2000,"Moloch_horridus",5
529,2000,"Tympanocryptis_cephala",5
529,2000,"Underwoodisaurus_milii",6
529,2000,"Ramphotyphlops_harnatus",6
529,2000,"Cyclodomorphous_elongatus",8
529,2000,"Morethia_butleri",8
529,2000,"Ctenophorus_reticulatus",9
529,2000,"Pogona_minor",10
529,2000,"Gehyra_variegata",12
529,2000,"Ramphotyphlops_australis",12
529,2000,"Ctenotus_atlas",13
529,2000,"Ctenotus_uber",19
529,2000,"Egernia_depressa",19
529,2000,"Strophurus_assimilis",25
529,2000,"Menetia_greyii",37
529,2000,"Diplodactylus_pulcher",38
529,2000,"Diplodactylus_mainii",61
529,2000,"Diplodactylus_graneriensis",77
530,2000,"Moloch_horridus",1
530,2000,"Delma_butleri",1
530,2000,"Delma_fraseri",1
530,2000,"Egernia_inornata",1
530,2000,"Tiliqua_rugosa",1
530,2000,"Ramphotyphlops_australis",1
530,2000,"Ramphotyphlops_bituberculatus",1
530,2000,"Pseudonaja_modesta",1
530,2000,"Ctenophorus_reticulatus",2
530,2000,"Tympanocryptis_cephala",2
530,2000,"Eramiascincus_richardsonii",2
530,2000,"Hemiergis_initialis",2
530,2000,"Simoselaps_bertholdii",2
530,2000,"Gehyra_purpurascens",4
530,2000,"Egernia_formosa",4
530,2000,"Varanus_gouldii",4
530,2000,"Pogona_minor",5
530,2000,"Delma_australis",6
530,2000,"Parasuta_monachus",6
530,2000,"Cyclodomorphous_elongatus",7
530,2000,"Ramphotyphlops_harnatus",7
530,2000,"Menetia_greyii",8
530,2000,"Varanus_caudolineatus",8
530,2000,"Morethia_butleri",9
530,2000,"Brachyurophis_semifasciata",9
530,2000,"Cryptoblepharus_plagiocephalus",10
530,2000,"Ctenotus_atlas",10
530,2000,"Heternotia_binoei",11
530,2000,"Underwoodisaurus_milii",11
530,2000,"Ctenotus_uber",17
530,2000,"Lerista_muelleri",17
530,2000,"Rhynchoedura_ornata",21
530,2000,"Egernia_depressa",21
530,2000,"Gehyra_variegata",22
530,2000,"Lerista_picturata",31
530,2000,"Strophurus_assimilis",43
530,2000,"Diplodactylus_graneriensis",44
530,2000,"Diplodactylus_mainii",47
530,2000,"Diplodactylus_pulcher",64
531,2001,"Delma_fraseri",1
531,2001,"Pygopus_lepidopus",1
531,2001,"Ramphotyphlops_bituberculatus",1
531,2001,"Pseudonaja_modesta",1
531,2001,"Suta_fasciata",1
531,2001,"Moloch_horridus",2
531,2001,"Eramiascincus_richardsonii",2
531,2001,"Parasuta_monachus",2
531,2001,"Simoselaps_bertholdii",2
531,2001,"Ctenophorus_scutulatus",3
531,2001,"Delma_australis",3
531,2001,"Ctenophorus_cristatus",4
531,2001,"Oedura_reticulata",4
531,2001,"Morethia_butleri",4
531,2001,"Varanus_gouldii",4
531,2001,"Brachyurophis_semifasciata",4
531,2001,"Cryptoblepharus_plagiocephalus",5
531,2001,"Egernia_formosa",5
531,2001,"Ramphotyphlops_australis",6
531,2001,"Cyclodomorphous_elongatus",8
531,2001,"Lerista_muelleri",9
531,2001,"Varanus_caudolineatus",9
531,2001,"Underwoodisaurus_milii",11
531,2001,"Ramphotyphlops_harnatus",11
531,2001,"Pogona_minor",12
531,2001,"Gehyra_purpurascens",12
531,2001,"Menetia_greyii",12
531,2001,"Ctenophorus_reticulatus",14
531,2001,"Egernia_inornata",14
531,2001,"Heternotia_binoei",15
531,2001,"Ctenotus_uber",19
531,2001,"Lerista_picturata",21
531,2001,"Ctenotus_atlas",23
531,2001,"Strophurus_assimilis",24
531,2001,"Egernia_depressa",29
531,2001,"Rhynchoedura_ornata",30
531,2001,"Diplodactylus_graneriensis",45
531,2001,"Diplodactylus_mainii",49
531,2001,"Gehyra_variegata",65
531,2001,"Diplodactylus_pulcher",79
532,2001,"Gehyra_purpurascens",1
532,2001,"Ctenotus_schomburgkii",1
532,2001,"Ramphotyphlops_harnatus",1
532,2001,"Pogona_minor",2
532,2001,"Delma_australis",2
532,2001,"Lerista_picturata",2
532,2001,"Morethia_butleri",2
532,2001,"Ctenotus_atlas",3
532,2001,"Eramiascincus_richardsonii",3
532,2001,"Varanus_caudolineatus",3
532,2001,"Heternotia_binoei",4
532,2001,"Underwoodisaurus_milii",4
532,2001,"Egernia_depressa",4
532,2001,"Egernia_inornata",4
532,2001,"Ctenotus_uber",5
532,2001,"Diplodactylus_graneriensis",9
532,2001,"Gehyra_variegata",9
532,2001,"Menetia_greyii",15
532,2001,"Rhynchoedura_ornata",16
532,2001,"Diplodactylus_pulcher",28
532,2001,"Diplodactylus_mainii",36
534,2001,"Moloch_horridus",1
534,2001,"Lialis_burtonis",1
534,2001,"Pygopus_lepidopus",1
534,2001,"Egernia_depressa",1
534,2001,"Egernia_formosa",1
534,2001,"Lerista_muelleri",1
534,2001,"Ramphotyphlops_australis",1
534,2001,"Heternotia_binoei",2
534,2001,"Morethia_butleri",2
534,2001,"Tiliqua_rugosa",2
534,2001,"Ctenophorus_scutulatus",3
534,2001,"Cyclodomorphous_elongatus",3
534,2001,"Egernia_inornata",3
534,2001,"Varanus_caudolineatus",3
534,2001,"Parasuta_monachus",3
534,2001,"Gehyra_variegata",4
534,2001,"Underwoodisaurus_milii",4
534,2001,"Cryptoblepharus_plagiocephalus",4
534,2001,"Ctenotus_atlas",4
534,2001,"Hemiergis_initialis",4
534,2001,"Menetia_greyii",6
534,2001,"Ctenophorus_reticulatus",7
534,2001,"Pogona_minor",8
534,2001,"Rhynchoedura_ornata",8
534,2001,"Ctenotus_uber",8
534,2001,"Strophurus_assimilis",12
534,2001,"Ramphotyphlops_harnatus",13
534,2001,"Diplodactylus_pulcher",32
534,2001,"Diplodactylus_graneriensis",37
534,2001,"Diplodactylus_mainii",42
535,2001,"Ctenophorus_reticulatus",1
535,2001,"Ctenophorus_scutulatus",1
535,2001,"Gehyra_purpurascens",1
535,2001,"Egernia_depressa",1
535,2001,"Tiliqua_rugosa",1
535,2001,"Varanus_caudolineatus",1
535,2001,"Varanus_gouldii",1
535,2001,"Demansia_psammophis",1
535,2001,"Cryptoblepharus_plagiocephalus",2
535,2001,"Eramiascincus_richardsonii",2
535,2001,"Suta_fasciata",2
535,2001,"Moloch_horridus",3
535,2001,"Underwoodisaurus_milii",3
535,2001,"Ctenotus_uber",3
535,2001,"Hemiergis_initialis",3
535,2001,"Lerista_muelleri",3
535,2001,"Ramphotyphlops_australis",3
535,2001,"Simoselaps_bertholdii",3
535,2001,"Pogona_minor",4
535,2001,"Ctenotus_atlas",4
535,2001,"Parasuta_monachus",4
535,2001,"Heternotia_binoei",5
535,2001,"Egernia_inornata",5
535,2001,"Menetia_greyii",6
535,2001,"Morethia_butleri",6
535,2001,"Rhynchoedura_ornata",7
535,2001,"Lerista_picturata",7
535,2001,"Strophurus_assimilis",12
535,2001,"Gehyra_variegata",14
535,2001,"Diplodactylus_pulcher",28
535,2001,"Diplodactylus_graneriensis",40
535,2001,"Diplodactylus_mainii",46
536,2002,"Moloch_horridus",1
536,2002,"Gehyra_purpurascens",1
536,2002,"Pygopus_lepidopus",1
536,2002,"Egernia_formosa",1
536,2002,"Morethia_butleri",1
536,2002,"Tiliqua_occipitalis",1
536,2002,"Varanus_tristis",1
536,2002,"Simoselaps_bertholdii",1
536,2002,"Suta_fasciata",1
536,2002,"Ctenophorus_cristatus",2
536,2002,"Ctenophorus_scutulatus",2
536,2002,"Delma_butleri",2
536,2002,"Cryptoblepharus_plagiocephalus",2
536,2002,"Varanus_gouldii",2
536,2002,"Heternotia_binoei",3
536,2002,"Menetia_greyii",3
536,2002,"Egernia_depressa",4
536,2002,"Egernia_striata",4
536,2002,"Eramiascincus_richardsonii",4
536,2002,"Brachyurophis_semifasciata",4
536,2002,"Pogona_minor",5
536,2002,"Delma_australis",5
536,2002,"Cyclodomorphous_elongatus",5
536,2002,"Varanus_caudolineatus",5
536,2002,"Ramphotyphlops_australis",6
536,2002,"Parasuta_monachus",6
536,2002,"Rhynchoedura_ornata",7
536,2002,"Lerista_muelleri",8
536,2002,"Ctenotus_atlas",9
536,2002,"Ctenophorus_reticulatus",12
536,2002,"Underwoodisaurus_milii",12
536,2002,"Lerista_picturata",12
536,2002,"Egernia_inornata",14
536,2002,"Ctenotus_uber",17
536,2002,"Ramphotyphlops_harnatus",18
536,2002,"Strophurus_assimilis",20
536,2002,"Gehyra_variegata",23
536,2002,"Diplodactylus_graneriensis",47
536,2002,"Diplodactylus_mainii",48
536,2002,"Diplodactylus_pulcher",63
537,2002,"Ctenophorus_reticulatus",1
537,2002,"Strophurus_assimilis",1
537,2002,"Cryptoblepharus_plagiocephalus",1
537,2002,"Ctenotus_atlas",1
537,2002,"Cyclodomorphous_elongatus",1
537,2002,"Lerista_muelleri",1
537,2002,"Varanus_caudolineatus",1
537,2002,"Ramphotyphlops_harnatus",1
537,2002,"Ctenophorus_scutulatus",2
537,2002,"Heternotia_binoei",2
537,2002,"Varanus_gouldii",2
537,2002,"Pogona_minor",3
537,2002,"Egernia_depressa",3
537,2002,"Morethia_butleri",3
537,2002,"Parasuta_monachus",3
537,2002,"Rhynchoedura_ornata",4
537,2002,"Lerista_picturata",4
537,2002,"Menetia_greyii",5
537,2002,"Underwoodisaurus_milii",6
537,2002,"Gehyra_variegata",7
537,2002,"Moloch_horridus",8
537,2002,"Ctenotus_uber",14
537,2002,"Diplodactylus_graneriensis",18
537,2002,"Diplodactylus_mainii",20
537,2002,"Diplodactylus_pulcher",26
539,2003,"Caimanops_amphiboluroides",1
539,2003,"Oedura_reticulata",1
539,2003,"Delma_australis",1
539,2003,"Cryptoblepharus_plagiocephalus",1
539,2003,"Egernia_formosa",1
539,2003,"Menetia_greyii",1
539,2003,"Varanus_gouldii",1
539,2003,"Demansia_psammophis",1
539,2003,"Parasuta_monachus",1
539,2003,"Simoselaps_bertholdii",1
539,2003,"Suta_fasciata",1
539,2003,"Cyclodomorphous_elongatus",2
539,2003,"Eramiascincus_richardsonii",2
539,2003,"Ctenotus_atlas",3
539,2003,"Egernia_striata",3
539,2003,"Varanus_caudolineatus",3
539,2003,"Ramphotyphlops_harnatus",3
539,2003,"Brachyurophis_semifasciata",3
539,2003,"Ctenophorus_reticulatus",4
539,2003,"Strophurus_assimilis",4
539,2003,"Morethia_butleri",4
539,2003,"Underwoodisaurus_milii",5
539,2003,"Ctenotus_uber",5
539,2003,"Lerista_muelleri",5
539,2003,"Pogona_minor",7
539,2003,"Egernia_inornata",7
539,2003,"Egernia_depressa",8
539,2003,"Lerista_picturata",8
539,2003,"Gehyra_variegata",9
539,2003,"Ramphotyphlops_australis",10
539,2003,"Heternotia_binoei",21
539,2003,"Diplodactylus_graneriensis",27
539,2003,"Rhynchoedura_ornata",30
539,2003,"Diplodactylus_mainii",52
539,2003,"Diplodactylus_pulcher",74
540,1994,"Ramphotyphlops_bituberculatus",1
540,1994,"Diplodactylus_damaeus",1
540,1994,"Ctenotus_brooksi",1
540,1994,"Simoselaps_fasciolatus",1
540,1994,"Suta_suta",1
540,1994,"Lerista_muelleri",2
540,1994,"Ramphotyphlops_endoterus",2
540,1994,"Pseudonaja_modesta",3
540,1994,"Ctenophorus_fordi",3
540,1994,"Simoselaps_bertholdi",3
540,1994,"Lerista_labialis",7
540,1994,"Pogona_vitticeps",8
540,1994,"Nephurus_levis",9
540,1994,"Diplodactylus_tesselatus",11
540,1994,"Morethia_adelaidensis",11
540,1994,"Heteronotia_binoei",12
540,1994,"Ctenophorus_pictus",14
540,1994,"Trachydosuarus_rugosus",14
540,1994,"Ctenotus_strauchii",23
540,1994,"Ctenophorus_nuchalis",45
540,1994,"Menetia_greyii",46
540,1994,"Diplodactylus_stenodactylus",64
540,1994,"Rhynchoedura_ornata",66
540,1994,"Ctenotus_schomburgkii",151
540,1994,"Ctenotus_regius",201
540,1994,"Diplodactylus_conspicillatus",235
541,1994,"Lerista_muelleri",1
541,1994,"Ramphotyphlops_bituberculatus",1
541,1994,"Nephurus_levis",1
541,1994,"Morethia_adelaidensis",1
541,1994,"Suta_suta",1
541,1994,"Diplodactylus_damaeus",2
541,1994,"Eremiascincus_richardsonii",2
541,1994,"Pseudonaja_modesta",3
541,1994,"Ctenophorus_fordi",3
541,1994,"Lerista_labialis",3
541,1994,"Heteronotia_binoei",5
541,1994,"Trachydosuarus_rugosus",8
541,1994,"Ctenophorus_pictus",13
541,1994,"Tympanocryptis_intima",26
541,1994,"Diplodactylus_stenodactylus",32
541,1994,"Menetia_greyii",33
541,1994,"Ctenophorus_nuchalis",40
541,1994,"Diplodactylus_tesselatus",51
541,1994,"Ctenotus_strauchii",51
541,1994,"Ctenotus_regius",65
541,1994,"Ctenotus_schomburgkii",74
541,1994,"Rhynchoedura_ornata",84
541,1994,"Diplodactylus_conspicillatus",134
542,1994,"Diplodactylus_ciliaris",1
542,1994,"Pogona_vitticeps",1
542,1994,"Ctenotus_leae",1
542,1994,"Lerista_desertorum",1
542,1994,"Morethia_adelaidensis",1
542,1994,"Suta_suta",1
542,1994,"Lerista_muelleri",2
542,1994,"Eremiascincus_richardsonii",2
542,1994,"Simoselaps_fasciolatus",2
542,1994,"Varanus_gouldii",4
542,1994,"Ramphotyphlops_bituberculatus",4
542,1994,"Diplodactylus_tesselatus",4
542,1994,"Gehyra_sp.",4
542,1994,"Ctenotus_brooksi",8
542,1994,"Menetia_greyii",9
542,1994,"Trachydosuarus_rugosus",9
542,1994,"Heteronotia_binoei",11
542,1994,"Nephurus_levis",13
542,1994,"Diplodactylus_conspicillatus",15
542,1994,"Diplodactylus_damaeus",15
542,1994,"Ramphotyphlops_endoterus",16
542,1994,"Simoselaps_bertholdi",17
542,1994,"Ctenophorus_nuchalis",31
542,1994,"Ctenophorus_fordi",35
542,1994,"Ctenophorus_pictus",42
542,1994,"Lerista_labialis",99
542,1994,"Diplodactylus_stenodactylus",120
542,1994,"Ctenotus_schomburgkii",126
542,1994,"Rhynchoedura_ornata",158
542,1994,"Ctenotus_regius",178
543,1981,"Scincella_lateralis",1
543,1981,"Storeria_occipitomaculata",1
543,1981,"Eumeces_laticeps",1
543,1981,"Anolis_carolinensis",2
543,1981,"Terrapene_carolina",3
544,1981,"Storeria_dekayi",1
544,1981,"Scincella_lateralis",1
544,1981,"Chrysemys_picta",1
544,1981,"Nerodia_sipedon",1
544,1981,"Opheodrys_aestivus",1
544,1981,"Terrapene_carolina",1
544,1981,"Eumeces_inexpectatus",1
544,1981,"Carphophis_amoenus",1
545,1981,"Thamnophis_sirtalis",1
545,1981,"Thamnophis_sirtalis",1
545,1981,"Diadophis_punctatus",1
545,1981,"Diadophis_punctatus",1
545,1981,"Chelydra_serpentina",1
545,1981,"Chelydra_serpentina",1
545,1981,"Storeria_occipitomaculata",1
545,1981,"Storeria_occipitomaculata",1
545,1981,"Cnemidophorus_sexlineatus",1
545,1981,"Cnemidophorus_sexlineatus",1
545,1981,"Eumeces_laticeps",1
545,1981,"Eumeces_laticeps",1
545,1981,"Scincella_lateralis",2
545,1981,"Scincella_lateralis",2
545,1981,"Chrysemys_picta",2
545,1981,"Chrysemys_picta",2
545,1981,"Kinosternon_subrubrum",2
545,1981,"Kinosternon_subrubrum",2
545,1981,"Eumeces_inexpectatus",2
545,1981,"Eumeces_inexpectatus",2
545,1981,"Terrapene_carolina",3
545,1981,"Terrapene_carolina",3
545,1981,"Sternotherus_odoratus",3
545,1981,"Sternotherus_odoratus",3
545,1981,"Carphophis_amoenus",3
545,1981,"Carphophis_amoenus",3
545,1981,"Anolis_carolinensis",4
545,1981,"Anolis_carolinensis",4
545,1981,"Sceloporus_undulatus",9
545,1981,"Sceloporus_undulatus",9
552,1993,"Nerodia_sipedon",1
552,1993,"Phrynosoma_cornutum",2
552,1993,"Pituophis_catenifer",3
552,1993,"Lampropeltis_getula",4
552,1993,"Agkistrodon_contortrix",4
552,1993,"Ophisaurus_attenuatus",5
552,1993,"Coluber_constrictor",9
552,1993,"Elaphe_emoryi",16
552,1993,"Tropidoclonion_lineatum",16
552,1993,"Tantilla_gracilis",19
552,1993,"Cnemidophorus_sexlineatus",25
552,1993,"Lampropeltis_triangulum",26
552,1993,"Crotaphytus_collaris",81
552,1993,"Eumeces_obsoletus",124
552,1993,"Diadophis_punctatus",376
553,1993,"Lampropeltis_triangulum",1
553,1993,"Elaphe_obsoleta",1
553,1993,"Storeria_dekayi",1
553,1993,"Nerodia_sipedon",1
553,1993,"Elaphe_emoryi",2
553,1993,"Scincella_lateralis",3
553,1993,"Eumeces_obsoletus",4
553,1993,"Agkistrodon_contortrix",4
553,1993,"Cnemidophorus_sexlineatus",4
553,1993,"Crotaphytus_collaris",6
553,1993,"Diadophis_punctatus",16
556,1988,"Menetia_greyii",1
556,1988,"Varanus_gouldii",1
556,1988,"Varanus_tristis",1
556,1988,"Chelodina_steindachneri",1
556,1988,"Diplodactylus_stendodactylus",1
556,1988,"Nephrurus_levis",1
556,1988,"Delma_pax",1
556,1988,"Ctenotus_grandis",1
556,1988,"Ctenotus_helenae",1
556,1988,"Ctenotus_pantherinus",1
556,1988,"Cyclodomorphus_melanops",1
556,1988,"Notoscincus_ornatus",1
556,1988,"Gehyra_pilbara",1
556,1988,"Lialis_burtonis",2
556,1988,"Gehyra_variegata",4
556,1988,"Lophognathus_longirostris",4
556,1988,"Lerista_muelleri",6
556,1988,"Heteronotia_binoei",6
556,1988,"Ctenotus_saxatilis",7
556,1988,"Carlia_munda",8
556,1988,"Lerista_bipes",16
557,1988,"Pogona_minor",1
557,1988,"Rhynchoedura_ornata",1
557,1988,"Lialis_burtonis",1
557,1988,"Lerista_muelleri",1
557,1988,"Varanus_gouldii",1
557,1988,"Heteronotia_binoei",1
557,1988,"Ctenophorus_caudicinctus",1
557,1988,"Lophognathus_longirostris",1
557,1988,"Strophurus_jeanae",1
557,1988,"Ctenotus_duricola",1
557,1988,"Ctenotus_pantherinus",1
557,1988,"Lerista_bipes",1
557,1988,"Varanus_acanthurus",1
557,1988,"Varanus_giganteus",1
557,1988,"Brachyurophis_approximans",1
557,1988,"Pseudechis_australis",1
557,1988,"Pseudonaja_nuchalis",1
557,1988,"Ctenophorus_isolepis",2
557,1988,"Varanus_brevicauda",2
557,1988,"Ramphotyphlops_pilbarensis",2
557,1988,"Gehyra_pilbara",2
557,1988,"Ctenotus_saxatilis",3
557,1988,"Diplodactylus_conspicillatus",4
557,1988,"Ctenophorus_nuchalis",4
557,1988,"Diplodactylus_stendodactylus",6
557,1988,"Ctenotus_helenae",9
557,1988,"Ctenotus_grandis",61
558,1988,"Rhynchoedura_ornata",1
558,1988,"Varanus_gouldii",1
558,1988,"Pseudonaja_modesta",1
558,1988,"Heteronotia_binoei",1
558,1988,"Strophurus_elderi",1
558,1988,"Delma_tincta",1
558,1988,"Varanus_acanthurus",1
558,1988,"Varanus_eremius",1
558,1988,"Antaresia_stimsoni",1
558,1988,"Lialis_burtonis",2
558,1988,"Diplodactylus_stendodactylus",2
558,1988,"Ctenotus_duricola",2
558,1988,"Ctenotus_pantherinus",2
558,1988,"Morethia_ruficauda",2
558,1988,"Egernia_striata",3
558,1988,"Diplodactylus_conspicillatus",3
558,1988,"Ctenophorus_isolepis",3
558,1988,"Ramphotyphlops_ammodytes",3
558,1988,"Tiliqua_multifasciata",5
558,1988,"Nephrurus_levis",6
558,1988,"Ctenotus_helenae",6
558,1988,"Ctenophorus_nuchalis",8
558,1988,"Lerista_bipes",11
558,1988,"Ctenotus_grandis",48
559,1988,"Heteronotia_binoei",1
559,1988,"Diporiphora_winneckei",1
559,1988,"Strophurus_elderi",1
559,1988,"Varanus_eremius",1
559,1988,"Lialis_burtonis",2
559,1988,"Nephrurus_levis",2
559,1988,"Morethia_ruficauda",2
559,1988,"Varanus_acanthurus",2
559,1988,"Pogona_minor",3
559,1988,"Varanus_gouldii",3
559,1988,"Ctenotus_serventyi",3
559,1988,"Rhynchoedura_ornata",4
559,1988,"Ctenophorus_nuchalis",4
559,1988,"Ctenotus_duricola",4
559,1988,"Ctenotus_helenae",4
559,1988,"Lerista_bipes",5
559,1988,"Tiliqua_multifasciata",5
559,1988,"Diplodactylus_stendodactylus",6
559,1988,"Gehyra_variegata",7
559,1988,"Egernia_striata",7
559,1988,"Diplodactylus_conspicillatus",9
559,1988,"Ctenophorus_isolepis",9
559,1988,"Ctenotus_pantherinus",11
559,1988,"Ctenotus_grandis",37
560,1988,"Pogona_minor",1
560,1988,"Varanus_gouldii",1
560,1988,"Lophognathus_longirostris",1
560,1988,"Diplodactylus_stendodactylus",1
560,1988,"Varanus_eremius",1
560,1988,"Pseudonaja_nuchalis",1
560,1988,"Ctenotus_helenae",2
560,1988,"Tiliqua_multifasciata",2
560,1988,"Ramphotyphlops_grypus",2
560,1988,"Diplodactylus_conspicillatus",3
560,1988,"Nephrurus_levis",3
560,1988,"Varanus_brevicauda",4
560,1988,"Ctenophorus_nuchalis",5
560,1988,"Egernia_striata",6
560,1988,"Ctenophorus_isolepis",6
560,1988,"Ctenotus_pantherinus",7
560,1988,"Ctenotus_duricola",10
560,1988,"Lerista_bipes",10
560,1988,"Ctenotus_grandis",31
561,1988,"Strophurus_elderi",1
561,1988,"Delma_pax",1
561,1988,"Proablepharus_reginae",1
561,1988,"Varanus_acanthurus",1
561,1988,"Menetia_greyii",2
561,1988,"Ctenotus_saxatilis",2
561,1988,"Varanus_brevicauda",2
561,1988,"Diplodactylus_conspicillatus",3
561,1988,"Tiliqua_multifasciata",4
561,1988,"Ctenotus_duricola",5
561,1988,"Ctenotus_grandis",5
561,1988,"Egernia_striata",6
561,1988,"Pogona_minor",7
561,1988,"Lerista_bipes",7
561,1988,"Ctenophorus_caudicinctus",8
561,1988,"Ctenotus_pantherinus",8
561,1988,"Ctenotus_helenae",13
562,1988,"Varanus_tristis",1
562,1988,"Ctenophorus_nuchalis",1
562,1988,"Proablepharus_reginae",1
562,1988,"Varanus_giganteus",1
562,1988,"Pseudechis_australis",1
562,1988,"Gehyra_variegata",2
562,1988,"Lophognathus_longirostris",2
562,1988,"Strophurus_elderi",2
562,1988,"Delma_pax",2
562,1988,"Diplodactylus_stendodactylus",3
562,1988,"Gehyra_punctata",3
562,1988,"Lerista_bipes",3
562,1988,"Notoscincus_ornatus",3
562,1988,"Rhynchoedura_ornata",4
562,1988,"Lialis_burtonis",4
562,1988,"Heteronotia_binoei",4
562,1988,"Tiliqua_multifasciata",4
562,1988,"Ctenophorus_caudicinctus",5
562,1988,"Ctenotus_helenae",5
562,1988,"Ctenotus_saxatilis",27
562,1988,"Ctenotus_grandis",45
563,1988,"Rhynchoedura_ornata",1
563,1988,"Varanus_gouldii",1
563,1988,"Diplodactylus_conspicillatus",1
563,1988,"Heteronotia_binoei",1
563,1988,"Ctenophorus_nuchalis",1
563,1988,"Diporiphora_winneckei",1
563,1988,"Strophurus_elderi",1
563,1988,"Ctenotus_saxatilis",1
563,1988,"Varanus_acanthurus",1
563,1988,"Varanus_giganteus",1
563,1988,"Antaresia_stimsoni",1
563,1988,"Liasis_olivaceus",1
563,1988,"Brachyurophis_approximans",1
563,1988,"Pseudechis_australis",1
563,1988,"Pogona_minor",2
563,1988,"Menetia_greyii",2
563,1988,"Ctenophorus_caudicinctus",2
563,1988,"Diplodactylus_stendodactylus",2
563,1988,"Ctenotus_serventyi",2
563,1988,"Tiliqua_multifasciata",4
563,1988,"Egernia_striata",5
563,1988,"Nephrurus_levis",6
563,1988,"Ctenotus_duricola",6
563,1988,"Ctenotus_helenae",7
563,1988,"Varanus_brevicauda",9
563,1988,"Ctenophorus_isolepis",10
563,1988,"Ctenotus_grandis",14
563,1988,"Ctenotus_pantherinus",19
565,2003,"Pseudechis_porphyriacus",1
565,2003,"Chelodina_longicollis",1
565,2003,"Pygopus_lepidopodus",3
565,2003,"Cryptoblepharus_virgatus",3
565,2003,"Cryptophis_nigrescens",5
565,2003,"Tiliqua_scincoides",6
565,2003,"Eulamprus_tenuis",8
565,2003,"Hemiaspis_signata",9
565,2003,"Cyclodomorphus_michaeli",24
565,2003,"Eulamprus_quoyii",30
565,2003,"Acritoscincus_platynotum",51
565,2003,"Amphibolurus_muricatus",53
565,2003,"Ctenotus_taeniolatus",93
565,2003,"Lampropholis_guichenoti",159
565,2003,"Lampropholis_delicata",939
566,1986,"Simoselaps_calonotos",1
566,1986,"Tympanocryptis_adelaidensis",1
566,1986,"Diplodactylus_alboguttatus",1
566,1986,"Lerista_praepedita",2
566,1986,"Varanus_gouldii",2
566,1986,"Ramphotyphlops_australis",2
566,1986,"Simoselaps_bimaculatus",3
566,1986,"Aprasia_repens",3
566,1986,"Menetia_greyii",4
566,1986,"Simoselaps_fasciolatus",4
566,1986,"Cyclodomorphus_celatus",12
566,1986,"Simoselaps_semifasciatus",14
566,1986,"Tiliqua_rugosa",15
566,1986,"Pogona_minor",18
566,1986,"Lialis_burtonis",20
566,1986,"Simoselaps_bertholdi",26
566,1986,"Lerista_elegans",33
566,1986,"Diplodactylus_spinigerus",39
566,1986,"Ctenotus_lesueurii",48
566,1986,"Lerista_lineopunctulata",62
566,1986,"Hemiergis_quadrilineata",112
566,1986,"Ctenotus_fallens",226
567,1986,"Pseudonaja_affinis",1
567,1986,"Simoselaps_bimaculatus",1
567,1986,"Varanus_gouldii",1
567,1986,"Simoselaps_fasciolatus",1
567,1986,"Simoselaps_semifasciatus",2
567,1986,"Aprasia_repens",2
567,1986,"Pogona_minor",2
567,1986,"Ctenotus_lesueurii",3
567,1986,"Simoselaps_calonotos",4
567,1986,"Cryptoblepharus_plagiocephalus",4
567,1986,"Menetia_greyii",5
567,1986,"Lerista_praepedita",6
567,1986,"Ramphotyphlops_australis",11
567,1986,"Tiliqua_rugosa",15
567,1986,"Tympanocryptis_adelaidensis",16
567,1986,"Lialis_burtonis",24
567,1986,"Simoselaps_bertholdi",24
567,1986,"Diplodactylus_spinigerus",35
567,1986,"Lerista_lineopunctulata",38
567,1986,"Lerista_elegans",40
567,1986,"Ctenotus_fallens",81
567,1986,"Hemiergis_quadrilineata",267
568,1986,"Simoselaps_semifasciatus",1
568,1986,"Morethia_lineoocellata",1
568,1986,"Varanus_gouldii",1
568,1986,"Tympanocryptis_adelaidensis",2
568,1986,"Morethia_obscura",2
568,1986,"Simoselaps_fasciolatus",2
568,1986,"Cryptoblepharus_plagiocephalus",3
568,1986,"Simoselaps_bimaculatus",5
568,1986,"Tiliqua_rugosa",6
568,1986,"Menetia_greyii",7
568,1986,"Simoselaps_calonotos",8
568,1986,"Ctenotus_lesueurii",8
568,1986,"Lerista_praepedita",9
568,1986,"Pogona_minor",10
568,1986,"Ramphotyphlops_australis",10
568,1986,"Lerista_elegans",36
568,1986,"Lialis_burtonis",36
568,1986,"Diplodactylus_spinigerus",40
568,1986,"Lerista_lineopunctulata",43
568,1986,"Simoselaps_bertholdi",52
568,1986,"Ctenotus_fallens",109
568,1986,"Hemiergis_quadrilineata",334
569,1986,"Simoselaps_bimaculatus",1
569,1986,"Pogona_minor",2
569,1986,"Simoselaps_calonotos",3
569,1986,"Lialis_burtonis",4
569,1986,"Ramphotyphlops_australis",4
569,1986,"Simoselaps_semifasciatus",5
569,1986,"Varanus_gouldii",5
569,1986,"Tiliqua_rugosa",7
569,1986,"Aprasia_repens",14
569,1986,"Cryptoblepharus_plagiocephalus",20
569,1986,"Simoselaps_bertholdi",20
569,1986,"Lerista_lineopunctulata",21
569,1986,"Menetia_greyii",24
569,1986,"Ctenotus_fallens",47
569,1986,"Lerista_elegans",67
569,1986,"Hemiergis_quadrilineata",285
570,1986,"Simoselaps_bimaculatus",1
570,1986,"Ctenotus_lesueurii",1
570,1986,"Simoselaps_fasciolatus",1
570,1986,"Aprasia_repens",2
570,1986,"Morethia_obscura",2
570,1986,"Simoselaps_bertholdi",2
570,1986,"Lialis_burtonis",3
570,1986,"Pseudonaja_affinis",6
570,1986,"Lerista_elegans",6
570,1986,"Lerista_praepedita",6
570,1986,"Varanus_gouldii",6
570,1986,"Ctenotus_fallens",10
570,1986,"Hemiergis_quadrilineata",10
570,1986,"Cyclodomorphus_celatus",11
570,1986,"Diplodactylus_alboguttatus",13
570,1986,"Cryptoblepharus_plagiocephalus",35
571,1987,"Tympanocryptis_adelaidensis",1
571,1987,"Tiliqua_rugosa",1
571,1987,"Simoselaps_fasciolatus",1
571,1987,"Simoselaps_calonotos",2
571,1987,"Ctenotus_lesueurii",2
571,1987,"Lerista_lineopunctulata",2
571,1987,"Simoselaps_semifasciatus",3
571,1987,"Pogona_minor",3
571,1987,"Simoselaps_bertholdi",3
571,1987,"Simoselaps_bimaculatus",4
571,1987,"Diplodactylus_spinigerus",4
571,1987,"Lerista_praepedita",7
571,1987,"Lialis_burtonis",8
571,1987,"Varanus_gouldii",8
571,1987,"Morethia_obscura",10
571,1987,"Ramphotyphlops_australis",11
571,1987,"Ctenotus_fallens",13
571,1987,"Pseudonaja_affinis",22
571,1987,"Aprasia_repens",25
571,1987,"Hemiergis_quadrilineata",28
571,1987,"Lerista_elegans",35
571,1987,"Diplodactylus_alboguttatus",41
571,1987,"Cryptoblepharus_plagiocephalus",83
571,1987,"Cyclodomorphus_celatus",131
572,1988,"Menetia_greyii",1
572,1988,"Simoselaps_bertholdi",1
572,1988,"Simoselaps_calonotos",2
572,1988,"Diplodactylus_spinigerus",2
572,1988,"Lerista_lineopunctulata",2
572,1988,"Lialis_burtonis",2
572,1988,"Simoselaps_bimaculatus",3
572,1988,"Simoselaps_semifasciatus",3
572,1988,"Ramphotyphlops_australis",3
572,1988,"Ctenotus_lesueurii",4
572,1988,"Aprasia_repens",6
572,1988,"Lerista_praepedita",6
572,1988,"Simoselaps_fasciolatus",6
572,1988,"Morethia_obscura",9
572,1988,"Pogona_minor",9
572,1988,"Ctenotus_fallens",18
572,1988,"Lerista_elegans",20
572,1988,"Pseudonaja_affinis",21
572,1988,"Varanus_gouldii",23
572,1988,"Hemiergis_quadrilineata",30
572,1988,"Diplodactylus_alboguttatus",31
572,1988,"Cryptoblepharus_plagiocephalus",68
572,1988,"Cyclodomorphus_celatus",169
573,1989,"Diplodactylus_spinigerus",1
573,1989,"Tiliqua_rugosa",1
573,1989,"Simoselaps_semifasciatus",2
573,1989,"Ctenotus_lesueurii",2
573,1989,"Morethia_lineoocellata",2
573,1989,"Simoselaps_fasciolatus",2
573,1989,"Ctenotus_fallens",3
573,1989,"Lerista_lineopunctulata",3
573,1989,"Diplodactylus_alboguttatus",4
573,1989,"Pogona_minor",4
573,1989,"Ramphotyphlops_australis",4
573,1989,"Simoselaps_bimaculatus",5
573,1989,"Lialis_burtonis",5
573,1989,"Aprasia_repens",7
573,1989,"Lerista_praepedita",8
573,1989,"Morethia_obscura",8
573,1989,"Pseudonaja_affinis",10
573,1989,"Lerista_elegans",11
573,1989,"Hemiergis_quadrilineata",24
573,1989,"Cryptoblepharus_plagiocephalus",54
573,1989,"Cyclodomorphus_celatus",114
574,1990,"Tympanocryptis_adelaidensis",1
574,1990,"Cyclodomorphus_celatus",1
574,1990,"Varanus_gouldii",1
574,1990,"Lerista_praepedita",2
574,1990,"Cryptoblepharus_plagiocephalus",2
574,1990,"Simoselaps_calonotos",3
574,1990,"Aprasia_repens",3
574,1990,"Ctenotus_lesueurii",3
574,1990,"Simoselaps_fasciolatus",3
574,1990,"Simoselaps_semifasciatus",4
574,1990,"Pogona_minor",5
574,1990,"Diplodactylus_spinigerus",6
574,1990,"Tiliqua_rugosa",6
574,1990,"Ramphotyphlops_australis",7
574,1990,"Lialis_burtonis",8
574,1990,"Menetia_greyii",8
574,1990,"Simoselaps_bertholdi",18
574,1990,"Lerista_lineopunctulata",24
574,1990,"Lerista_elegans",25
574,1990,"Ctenotus_fallens",63
574,1990,"Hemiergis_quadrilineata",141
575,1991,"Aprasia_repens",1
575,1991,"Cyclodomorphus_celatus",1
575,1991,"Lerista_praepedita",1
575,1991,"Simoselaps_bimaculatus",2
575,1991,"Simoselaps_semifasciatus",2
575,1991,"Cryptoblepharus_plagiocephalus",2
575,1991,"Ramphotyphlops_australis",2
575,1991,"Menetia_greyii",3
575,1991,"Ctenotus_lesueurii",5
575,1991,"Pogona_minor",5
575,1991,"Tiliqua_rugosa",7
575,1991,"Diplodactylus_spinigerus",11
575,1991,"Lialis_burtonis",20
575,1991,"Lerista_elegans",21
575,1991,"Simoselaps_bertholdi",23
575,1991,"Lerista_lineopunctulata",29
575,1991,"Ctenotus_fallens",74
575,1991,"Hemiergis_quadrilineata",160
576,1992,"Cyclodomorphus_celatus",1
576,1992,"Simoselaps_bimaculatus",2
576,1992,"Tympanocryptis_adelaidensis",2
576,1992,"Menetia_greyii",2
576,1992,"Varanus_gouldii",2
576,1992,"Tiliqua_rugosa",3
576,1992,"Pogona_minor",4
576,1992,"Cryptoblepharus_plagiocephalus",5
576,1992,"Simoselaps_semifasciatus",6
576,1992,"Ctenotus_lesueurii",7
576,1992,"Lerista_praepedita",7
576,1992,"Diplodactylus_spinigerus",8
576,1992,"Aprasia_repens",8
576,1992,"Ramphotyphlops_australis",10
576,1992,"Lialis_burtonis",16
576,1992,"Simoselaps_bertholdi",22
576,1992,"Lerista_elegans",38
576,1992,"Lerista_lineopunctulata",39
576,1992,"Ctenotus_fallens",86
576,1992,"Hemiergis_quadrilineata",274
578,2000,"Ctenophorus_cristatus",1
578,2000,"Egernia_formosa",1
578,2000,"Ramphotyphlops_bituberculatus",1
578,2000,"Parasuta_monachus",1
578,2000,"Simoselaps_bertholdi",1
578,2000,"Pogona_minor",2
578,2000,"Varanus_gouldii",2
578,2000,"Gehyra_purpurascens",3
578,2000,"Lerista_picturata",3
578,2000,"Ramphotyphlops_hamatus",3
578,2000,"Oedura_reticulata",4
578,2000,"Lerista_muelleri",4
578,2000,"Underwoodisaurus_milii",5
578,2000,"Heteronotia_binoei",5
578,2000,"Cryptoblepharus_plagiocephalus",6
578,2000,"Ctenophorus_reticulatus",12
578,2000,"Morethia_butleri",14
578,2000,"Egernia_inornata",17
578,2000,"Menetia_greyii",18
578,2000,"Gehyra_variegata",20
578,2000,"Diplodactylus_granariensis",31
578,2000,"Diplodactylus_maini",34
578,2000,"Rhynchoedura_ornata",40
578,2000,"Diplodactylus_pulcher",50
579,2000,"Ctenophorus_cristatus",1
579,2000,"Tympanocryptis_cephala",1
579,2000,"Varanus_caudolineatus",1
579,2000,"Nephrurus_laevissimus",1
579,2000,"Ramphotyphlops_hamatus",1
579,2000,"Lialis_burtonis",2
579,2000,"Lerista_muelleri",2
579,2000,"Morethia_butleri",3
579,2000,"Parasuta_monachus",3
579,2000,"Heteronotia_binoei",4
579,2000,"Gehyra_variegata",7
579,2000,"Ctenophorus_reticulatus",9
579,2000,"Pogona_minor",9
579,2000,"Menetia_greyii",23
579,2000,"Diplodactylus_granariensis",26
579,2000,"Underwoodisaurus_milii",36
598,1997,"Cryptoblepharus_virgatus",1
598,1997,"Stegonotus_cucullatus",1
598,1997,"Varanus_scalaris",1
598,1997,"Oxyuranus_scutellatus",2
598,1997,"Pseudonaja_textilis",3
598,1997,"Carlia_foliorum",4
598,1997,"Demansia_psammophis",5
598,1997,"Dendrelaphis_punctulata",6
598,1997,"Diporiphora_australis",6
598,1997,"Ctenotus_robustus",8
598,1997,"Ctenotus_taeniolatus",15
598,1997,"Carlia_rostralis",21
598,1997,"Carlia_pectoralis",56
598,1997,"Carlia_storri",75
599,1997,"Cryptoblepharus_virgatus",1
599,1997,"Lialis_burtonis",1
599,1997,"Dendrelaphis_punctulata",1
599,1997,"Stegonotus_cucullatus",1
599,1997,"Varanus_scalaris",1
599,1997,"Chlamydosaurus_kingii",1
599,1997,"Pseudonaja_textilis",1
599,1997,"Demansia_psammophis",2
599,1997,"Ctenotus_robustus",2
599,1997,"Glaphyromorphus_punctulatus",2
599,1997,"Diporiphora_australis",5
599,1997,"Ctenotus_taeniolatus",19
599,1997,"Carlia_storri",25
599,1997,"Carlia_rostralis",46
599,1997,"Carlia_pectoralis",60
600,1997,"Lialis_burtonis",1
600,1997,"Glaphyromorphus_punctulatus",1
600,1997,"Acanthophis_praelongus",1
600,1997,"Pseudonaja_textilis",1
600,1997,"Cryptoblepharus_virgatus",2
600,1997,"Demansia_psammophis",2
600,1997,"Boiga_irregularis",2
600,1997,"Dendrelaphis_punctulata",2
600,1997,"Chlamydosaurus_kingii",2
600,1997,"Ctenotus_robustus",7
600,1997,"Diporiphora_australis",12
600,1997,"Carlia_storri",19
600,1997,"Ctenotus_taeniolatus",22
600,1997,"Carlia_rostralis",24
600,1997,"Carlia_pectoralis",122
602,1997,"Ctenotus_taeniolatus",1
602,1997,"Carlia_rostralis",1
602,1997,"Chlamydosaurus_kingii",1
602,1997,"Saproscincus_basiliscus",2
602,1997,"Carlia_storri",2
602,1997,"Cylodomorphus_gerrardi",2
602,1997,"Egernia_frerei",3
602,1997,"Lampropholis_delicata",6
602,1997,"Glaphyromorphus_punctulatus",7
602,1997,"Carlia_rubrigularis",39
602,1997,"Carlia_pectoralis",57
622,2005,"Coluber_constrictor",1
622,2005,"Lampropeltis_getula",1
622,2005,"Trachemys_scripta",1
622,2005,"Nerodia_erythrogaster",1
622,2005,"Terrapene_carolina",1
622,2005,"Nerodia_fasciata",1
622,2005,"Thamnophis_sauritus",1
622,2005,"Kinosternon_baurii",1
622,2005,"Clemmys_guttata",3
622,2005,"Elaphe_obsolete",3
624,2005,"Anolis_carolinensis",1
624,2005,"Anolis_carolinensis",1
624,2005,"Pseudemys_concinna",1
624,2005,"Pseudemys_concinna",1
624,2005,"Kinosternon_subrubum",1
624,2005,"Kinosternon_subrubum",1
624,2005,"Farancia_erytrogramma",1
624,2005,"Farancia_erytrogramma",1
624,2005,"Opheodrys_aestivus",2
624,2005,"Opheodrys_aestivus",2
624,2005,"Clemmys_guttata",2
624,2005,"Clemmys_guttata",2
624,2005,"Thamnophis_sauritus",2
624,2005,"Thamnophis_sauritus",2
624,2005,"Terrapene_carolina",3
624,2005,"Terrapene_carolina",3
624,2005,"Kinosternon_baurii",3
624,2005,"Kinosternon_baurii",3
624,2005,"Eumeces_inexpectatus",5
624,2005,"Eumeces_inexpectatus",5
624,2005,"Coluber_constrictor",6
624,2005,"Coluber_constrictor",6
624,2005,"Nerodia_erythrogaster",6
624,2005,"Nerodia_erythrogaster",6
624,2005,"Sternotherus_odoratus",6
624,2005,"Sternotherus_odoratus",6
624,2005,"Elaphe_obsolete",6
624,2005,"Elaphe_obsolete",6
624,2005,"Scincella_lateralis",7
624,2005,"Scincella_lateralis",7
624,2005,"Chrysemys_picta",7
624,2005,"Chrysemys_picta",7
624,2005,"Chelydra_serpentina",9
624,2005,"Chelydra_serpentina",9
624,2005,"Nerodia_fasciata",14
624,2005,"Nerodia_fasciata",14
624,2005,"Lampropeltis_getula",17
624,2005,"Lampropeltis_getula",17
624,2005,"Agkistrodon_piscivorus",19
624,2005,"Agkistrodon_piscivorus",19
624,2005,"Trachemys_scripta",20
624,2005,"Trachemys_scripta",20
625,1998,"Storeria_dekayi",1
625,1998,"Farancia_abacura",1
625,1998,"Lampropeltis_getula",2
625,1998,"Crotalus_horridus",2
625,1998,"Pantherophis_obsoleta",5
625,1998,"Thamnophis_proximus",8
625,1998,"Nerodia_erythrogaster",9
625,1998,"Nerodia_fasciata",10
625,1998,"Agkistrodon_contortrix",15
625,1998,"Agkistrodon_piscivorus",21
626,1999,"Lampropeltis_calligaster",1
626,1999,"Storeria_occipitomaculata",1
626,1999,"Crotalus_horridus",2
626,1999,"Pantherophis_obsoleta",3
626,1999,"Opheodrys_aestivus",4
626,1999,"Nerodia_rhombifer",4
626,1999,"Farancia_abacura",4
626,1999,"Lampropeltis_getula",7
626,1999,"Storeria_dekayi",13
626,1999,"Nerodia_fasciata",18
626,1999,"Agkistrodon_contortrix",20
626,1999,"Agkistrodon_piscivorus",41
626,1999,"Thamnophis_proximus",57
626,1999,"Nerodia_erythrogaster",64
627,2000,"Lampropeltis_calligaster",1
627,2000,"Opheodrys_aestivus",1
627,2000,"Farancia_abacura",2
627,2000,"Crotalus_horridus",2
627,2000,"Storeria_dekayi",3
627,2000,"Lampropeltis_getula",4
627,2000,"Agkistrodon_contortrix",6
627,2000,"Nerodia_rhombifer",11
627,2000,"Nerodia_fasciata",18
627,2000,"Agkistrodon_piscivorus",66
627,2000,"Nerodia_erythrogaster",84
627,2000,"Thamnophis_proximus",110
647,1996,"Dipsadoboa_duchesnii",1
647,1996,"Lamprophis_virgatus",1
647,1996,"Mahelya_poensis",1
647,1996,"Crotaphopeltis_hotamboeia",2
647,1996,"Mahelya_crossi",2
647,1996,"Aparallactus_modestus",2
647,1996,"Dasypeltis_fasciata",2
647,1996,"Naja_melanoleuca",2
647,1996,"Python_sebae",3
647,1996,"Thelotornis_kirtlandii",3
647,1996,"Natriciteres_fuliginoides",3
647,1996,"Bitis_gabonica",3
647,1996,"Atheris_squamiger",4
647,1996,"Grayia_smythii",5
647,1996,"Calabaria_reinhardtii",7
647,1996,"Toxicodryas_blandingii",7
647,1996,"Dendroaspis_jamesoni",7
647,1996,"Natriciteres_variegata",8
647,1996,"Naja_nigricollis",8
647,1996,"Bitis_nasicornis",9
647,1996,"Python_regius",10
647,1996,"Psammophis_phillipsii",10
647,1996,"Gastropyxis_smaragdina",12
647,1996,"Afronatrix_anoscopus",17
648,1996,"Dendroaspis_jamesoni",1
648,1996,"Philothamnus_nitidus",2
648,1996,"Naja_melanoleuca",2
648,1996,"Hapsidophrys_lineatus",4
648,1996,"Crotaphopeltis_hotamboeia",4
648,1996,"Grayia_smythii",4
648,1996,"Dasypeltis_fasciata",4
648,1996,"Rhamnophis_aethiopissa",6
648,1996,"Python_regius",7
648,1996,"Lamprophis_lineatus",7
648,1996,"Thrasops_flavigularis",8
648,1996,"Toxicodryas_blandingii",13
648,1996,"Naja_nigricollis",13
648,1996,"Gastropyxis_smaragdina",15
648,1996,"Python_sebae",21
648,1996,"Thelotornis_kirtlandii",30
648,1996,"Psammophis_phillipsii",32
649,1996,"Dipsadoboa_duchesnii",1
649,1996,"Dasypeltis_fasciata",1
649,1996,"Atractaspis_aterrima",1
649,1996,"Python_sebae",2
649,1996,"Afronatrix_anoscopus",2
649,1996,"Bitis_gabonica",2
649,1996,"Lamprophis_lineatus",2
649,1996,"Dispholidus_typus",3
649,1996,"Grayia_smythii",3
649,1996,"Mahelya_crossi",3
649,1996,"Elapsoidea_semiannulata",3
649,1996,"Lamprophis_fuliginosus",4
649,1996,"Crotaphopeltis_hotamboeia",5
649,1996,"Causus_maculatus",5
649,1996,"Echis_ocellatus",7
649,1996,"Naja_nigricollis",10
649,1996,"Psammophis_phillipsii",12
649,1996,"Python_regius",13
650,2006,"Teius_oculatus",1
650,2006,"Tupinambis_merianae",4
650,2006,"Cercosaura_schreibersii",6
650,2006,"Mabuya_dorsivittata",12
651,2006,"Ophiodes_intermedius",2
651,2006,"Cercosaura_schreibersii",4
651,2006,"Mabuya_dorsivittata",16
659,1999,"Polychrus_acutirostris",1
659,1999,"Mabuya_nigropunctata",1
659,1999,"Tupanambis_merianae",1
659,1999,"Prionodactylus_eigenmanni",2
659,1999,"Stenocercus_sp.",2
659,1999,"Iphisa_elegans",3
659,1999,"Anolis_meridionalis",12
659,1999,"Cercosaura_ocellata",13
659,1999,"Mabuya_frenata",21
659,1999,"Kentropyx_altamazonica",45
659,1999,"Ameiva_ameiva",64
660,1999,"Polychrus_acutirostris",1
660,1999,"Mabuya_frenata",1
660,1999,"Tupanambis_merianae",1
660,1999,"Bachia_cacerensis",2
660,1999,"Kentropyx_altamazonica",7
660,1999,"Anolis_meridionalis",49
660,1999,"Cnemidophorus_parecis",51
660,1999,"Ameiva_ameiva",61
660,1999,"Microblepharus_atticolus",65
660,1999,"Kentropyx_vanzoi",68
661,2006,"Corytophanes_cristatus",1
661,2006,"Anolis_auratus",1
661,2006,"Anolis_biporcatus",1
661,2006,"Corallus_ruschenbergerii",1
661,2006,"Imantodes_cenchoa",1
661,2006,"Sibon_nebulata",1
661,2006,"Leptotyphlops_macrolepis",1
661,2006,"Bothrops_asper",1
661,2006,"Lepidoblepharis_sanctaemartae",2
661,2006,"Gymnophthalmus_speciosus",2
661,2006,"Leptodeira_septentrionalis",2
661,2006,"Liophis_melanotus",2
661,2006,"Tretioscincuas_bifasciatus",3
661,2006,"Anolis_vittigerus",3
661,2006,"Cnemidophorus_lemniscatus",3
661,2006,"Ameiva_ameiva",6
661,2006,"Leposoma_rugiceps",6
661,2006,"Anolis_tropidogaster",10
661,2006,"Ameiva_festiva",13
661,2006,"Gonatodes_albogularis",56
662,2006,"Ameiva_ameiva",1
662,2006,"Lepidoblepharis_sanctaemartae",1
662,2006,"Bachia_bicolor",1
662,2006,"Anolis_maculiventris",1
662,2006,"Anolis_vittigerus",1
662,2006,"Erithrolamprus_bizona",1
662,2006,"Imantodes_cenchoa",1
662,2006,"Leptodeira_septentrionalis",1
662,2006,"Leposoma_rugiceps",2
662,2006,"Ameiva_festiva",2
662,2006,"Gymnophthalmus_speciosus",3
662,2006,"Cnemidophorus_lemniscatus",5
662,2006,"Anolis_tropidogaster",30
662,2006,"Gonatodes_albogularis",82
663,2006,"Iguana_iguana",1
663,2006,"Mabuya_sp.",1
663,2006,"Erithrolamprus_bizona",1
663,2006,"Liophis_melanotus",1
663,2006,"Ameiva_ameiva",3
663,2006,"Anolis_vittigerus",3
663,2006,"Ameiva_festiva",3
663,2006,"Imantodes_cenchoa",3
663,2006,"Bachia_bicolor",8
663,2006,"Gonatodes_albogularis",9
663,2006,"Anolis_sulcifrons",9
663,2006,"Gymnophthalmus_speciosus",12
663,2006,"Corytophanes_cristatus",74
664,2006,"Lepidoblepharis_sanctaemartae",1
664,2006,"Tretioscincuas_bifasciatus",1
664,2006,"Anolis_auratus",1
664,2006,"Ameiva_festiva",1
664,2006,"Leptodeira_septentrionalis",1
664,2006,"Leptophis_ahaetulla",1
664,2006,"Leptotyphlops_macrolepis",1
664,2006,"Mabuya_sp.",2
664,2006,"Gymnophthalmus_speciosus",4
664,2006,"Leposoma_rugiceps",5
664,2006,"Anolis_tropidogaster",7
664,2006,"Cnemidophorus_lemniscatus",7
664,2006,"Gonatodes_albogularis",60
665,2006,"Ameiva_ameiva",1
665,2006,"Gymnophthalmus_speciosus",1
665,2006,"Iguana_iguana",1
665,2006,"Leptodeira_septentrionalis",1
665,2006,"Micrurus_dumerilii",1
665,2006,"Chelonoidis_carbonaria",1
665,2006,"Cnemidophorus_lemniscatus",2
665,2006,"Leposoma_rugiceps",5
665,2006,"Anolis_tropidogaster",7
665,2006,"Mabuya_sp.",8
665,2006,"Gonatodes_albogularis",50
666,2006,"Amphisbaena_alba",1
666,2006,"Anolis_maculiventris",1
666,2006,"Anolis_mariarum",1
666,2006,"Erithrolamprus_bizona",1
666,2006,"Imantodes_cenchoa",1
666,2006,"Ameiva_ameiva",3
666,2006,"Bachia_bicolor",3
666,2006,"Anolis_vittigerus",9
666,2006,"Gymnophthalmus_speciosus",10
666,2006,"Anolis_sulcifrons",31
666,2006,"Corytophanes_cristatus",58
667,2002,"Agkistrodon_piscivorus",1
667,2002,"Agkistrodon_piscivorus",1
667,2002,"Crotalus_horridus",1
667,2002,"Crotalus_horridus",1
667,2002,"Pituophis_melanoleucus",1
667,2002,"Pituophis_melanoleucus",1
667,2002,"Thamnophis_sirtalis",2
667,2002,"Thamnophis_sirtalis",2
667,2002,"Farancia_abacura",2
667,2002,"Farancia_abacura",2
667,2002,"Storeria_occipitomaculatus",2
667,2002,"Storeria_occipitomaculatus",2
667,2002,"Cemophora_coccinea",3
667,2002,"Cemophora_coccinea",3
667,2002,"Crotalus_adamanteus",3
667,2002,"Crotalus_adamanteus",3
667,2002,"Pantherophis_guttata",3
667,2002,"Pantherophis_guttata",3
667,2002,"Masticophis_flagellum",5
667,2002,"Masticophis_flagellum",5
667,2002,"Pantherophis_obsoleta",6
667,2002,"Pantherophis_obsoleta",6
667,2002,"Heterodon_platyrhinos",6
667,2002,"Heterodon_platyrhinos",6
667,2002,"Aspidoscelis_sexlineatus",7
667,2002,"Aspidoscelis_sexlineatus",7
667,2002,"Tantilla_coronata",7
667,2002,"Tantilla_coronata",7
667,2002,"Agkistrodon_contortrix",9
667,2002,"Agkistrodon_contortrix",9
667,2002,"Sceloporus_undulatus",29
667,2002,"Sceloporus_undulatus",29
667,2002,"Plestiodon_laticeps",33
667,2002,"Plestiodon_laticeps",33
667,2002,"Coluber_constrictor",40
667,2002,"Coluber_constrictor",40
667,2002,"Scincella_lateralis",51
667,2002,"Scincella_lateralis",51
667,2002,"Anolis_carolinensis",85
667,2002,"Anolis_carolinensis",85
668,2002,"Nerodia_sipedon",1
668,2002,"Nerodia_sipedon",1
668,2002,"Opheodrys_aestivus",1
668,2002,"Opheodrys_aestivus",1
668,2002,"Sistrurus_miliarius",1
668,2002,"Sistrurus_miliarius",1
668,2002,"Virginia_valeriae",1
668,2002,"Virginia_valeriae",1
668,2002,"Farancia_abacura",1
668,2002,"Farancia_abacura",1
668,2002,"Crotalus_horridus",1
668,2002,"Crotalus_horridus",1
668,2002,"Crotalus_adamanteus",1
668,2002,"Crotalus_adamanteus",1
668,2002,"Cemophora_coccinea",2
668,2002,"Cemophora_coccinea",2
668,2002,"Pantherophis_guttata",2
668,2002,"Pantherophis_guttata",2
668,2002,"Masticophis_flagellum",3
668,2002,"Masticophis_flagellum",3
668,2002,"Pantherophis_obsoleta",3
668,2002,"Pantherophis_obsoleta",3
668,2002,"Plestiodon_fasciatus",3
668,2002,"Plestiodon_fasciatus",3
668,2002,"Thamnophis_sirtalis",4
668,2002,"Thamnophis_sirtalis",4
668,2002,"Heterodon_platyrhinos",4
668,2002,"Heterodon_platyrhinos",4
668,2002,"Agkistrodon_contortrix",5
668,2002,"Agkistrodon_contortrix",5
668,2002,"Tantilla_coronata",11
668,2002,"Tantilla_coronata",11
668,2002,"Plestiodon_laticeps",14
668,2002,"Plestiodon_laticeps",14
668,2002,"Aspidoscelis_sexlineatus",18
668,2002,"Aspidoscelis_sexlineatus",18
668,2002,"Coluber_constrictor",19
668,2002,"Coluber_constrictor",19
668,2002,"Scincella_lateralis",37
668,2002,"Scincella_lateralis",37
668,2002,"Anolis_carolinensis",39
668,2002,"Anolis_carolinensis",39
668,2002,"Sceloporus_undulatus",49
668,2002,"Sceloporus_undulatus",49
669,2002,"Farancia_abacura",1
669,2002,"Farancia_abacura",1
669,2002,"Plestiodon_fasciatus",1
669,2002,"Plestiodon_fasciatus",1
669,2002,"Lampropeltis_elapsoides",1
669,2002,"Lampropeltis_elapsoides",1
669,2002,"Diadophis_punctatus",2
669,2002,"Diadophis_punctatus",2
669,2002,"Nerodia_fasciata",2
669,2002,"Nerodia_fasciata",2
669,2002,"Crotalus_adamanteus",2
669,2002,"Crotalus_adamanteus",2
669,2002,"Pantherophis_guttata",2
669,2002,"Pantherophis_guttata",2
669,2002,"Storeria_occipitomaculatus",2
669,2002,"Storeria_occipitomaculatus",2
669,2002,"Opheodrys_aestivus",3
669,2002,"Opheodrys_aestivus",3
669,2002,"Sistrurus_miliarius",3
669,2002,"Sistrurus_miliarius",3
669,2002,"Pantherophis_obsoleta",4
669,2002,"Pantherophis_obsoleta",4
669,2002,"Pituophis_melanoleucus",4
669,2002,"Pituophis_melanoleucus",4
669,2002,"Thamnophis_sirtalis",6
669,2002,"Thamnophis_sirtalis",6
669,2002,"Masticophis_flagellum",7
669,2002,"Masticophis_flagellum",7
669,2002,"Aspidoscelis_sexlineatus",8
669,2002,"Aspidoscelis_sexlineatus",8
669,2002,"Heterodon_platyrhinos",9
669,2002,"Heterodon_platyrhinos",9
669,2002,"Scincella_lateralis",15
669,2002,"Scincella_lateralis",15
669,2002,"Agkistrodon_contortrix",20
669,2002,"Agkistrodon_contortrix",20
669,2002,"Sceloporus_undulatus",23
669,2002,"Sceloporus_undulatus",23
669,2002,"Tantilla_coronata",26
669,2002,"Tantilla_coronata",26
669,2002,"Plestiodon_laticeps",28
669,2002,"Plestiodon_laticeps",28
669,2002,"Coluber_constrictor",44
669,2002,"Coluber_constrictor",44
669,2002,"Anolis_carolinensis",62
669,2002,"Anolis_carolinensis",62
670,2002,"Thamnophis_sirtalis",1
670,2002,"Thamnophis_sirtalis",1
670,2002,"Sistrurus_miliarius",1
670,2002,"Sistrurus_miliarius",1
670,2002,"Pantherophis_guttata",1
670,2002,"Pantherophis_guttata",1
670,2002,"Plestiodon_fasciatus",1
670,2002,"Plestiodon_fasciatus",1
670,2002,"Cemophora_coccinea",2
670,2002,"Cemophora_coccinea",2
670,2002,"Crotalus_horridus",3
670,2002,"Crotalus_horridus",3
670,2002,"Storeria_occipitomaculatus",3
670,2002,"Storeria_occipitomaculatus",3
670,2002,"Crotalus_adamanteus",4
670,2002,"Crotalus_adamanteus",4
670,2002,"Pituophis_melanoleucus",5
670,2002,"Pituophis_melanoleucus",5
670,2002,"Agkistrodon_contortrix",6
670,2002,"Agkistrodon_contortrix",6
670,2002,"Heterodon_platyrhinos",11
670,2002,"Heterodon_platyrhinos",11
670,2002,"Masticophis_flagellum",13
670,2002,"Masticophis_flagellum",13
670,2002,"Scincella_lateralis",17
670,2002,"Scincella_lateralis",17
670,2002,"Tantilla_coronata",18
670,2002,"Tantilla_coronata",18
670,2002,"Plestiodon_laticeps",26
670,2002,"Plestiodon_laticeps",26
670,2002,"Coluber_constrictor",33
670,2002,"Coluber_constrictor",33
670,2002,"Sceloporus_undulatus",34
670,2002,"Sceloporus_undulatus",34
670,2002,"Anolis_carolinensis",59
670,2002,"Anolis_carolinensis",59
670,2002,"Aspidoscelis_sexlineatus",78
670,2002,"Aspidoscelis_sexlineatus",78
671,2002,"Thamnophis_sirtalis",1
671,2002,"Thamnophis_sirtalis",1
671,2002,"Agkistrodon_contortrix",1
671,2002,"Agkistrodon_contortrix",1
671,2002,"Opheodrys_aestivus",1
671,2002,"Opheodrys_aestivus",1
671,2002,"Nerodia_fasciata",1
671,2002,"Nerodia_fasciata",1
671,2002,"Crotalus_horridus",1
671,2002,"Crotalus_horridus",1
671,2002,"Crotalus_adamanteus",1
671,2002,"Crotalus_adamanteus",1
671,2002,"Pantherophis_obsoleta",2
671,2002,"Pantherophis_obsoleta",2
671,2002,"Pantherophis_guttata",2
671,2002,"Pantherophis_guttata",2
671,2002,"Pituophis_melanoleucus",3
671,2002,"Pituophis_melanoleucus",3
671,2002,"Agkistrodon_piscivorus",4
671,2002,"Agkistrodon_piscivorus",4
671,2002,"Heterodon_platyrhinos",4
671,2002,"Heterodon_platyrhinos",4
671,2002,"Masticophis_flagellum",6
671,2002,"Masticophis_flagellum",6
671,2002,"Tantilla_coronata",8
671,2002,"Tantilla_coronata",8
671,2002,"Aspidoscelis_sexlineatus",10
671,2002,"Aspidoscelis_sexlineatus",10
671,2002,"Coluber_constrictor",17
671,2002,"Coluber_constrictor",17
671,2002,"Sceloporus_undulatus",20
671,2002,"Sceloporus_undulatus",20
671,2002,"Scincella_lateralis",22
671,2002,"Scincella_lateralis",22
671,2002,"Plestiodon_laticeps",25
671,2002,"Plestiodon_laticeps",25
671,2002,"Anolis_carolinensis",39
671,2002,"Anolis_carolinensis",39
672,2001,"Elaphe_obsoleta",1
672,2001,"Sceloporus_undulatus",1
672,2001,"Diadophis_punctatus",1
672,2001,"Eumeces_laticeps",1
672,2001,"Tantilla_coronata",1
672,2001,"Scincella_lateralis",4
672,2001,"Eumeces_fasciatus",11
673,2001,"Scincella_lateralis",1
673,2001,"Diadophis_punctatus",1
673,2001,"Eumeces_fasciatus",5
673,2001,"Anolis_carolinensis",6
674,1992,"Rhynchoedura_ornata",1
674,1992,"Ctenotus_schomburgkii",1
674,1992,"Egernia_inornata",1
674,1992,"Diplodactylus_conspicillatus",1
674,1992,"Delma_nasuta",1
674,1992,"Tiliqua_multifasciata",1
674,1992,"Ctenotus_colletti",1
674,1992,"Ctenotus_greeri",1
674,1992,"Nephurus_laevissimus",1
674,1992,"Gehyra_variegata",2
674,1992,"Diplodactylus_damaeus",2
674,1992,"Ctenotus_leae",2
674,1992,"Ctenotus_grandis",2
674,1992,"Ctenophorus_nuchalis",3
674,1992,"Ctenotus_helenae",3
674,1992,"Ctenophorus_clayi",3
674,1992,"Lerista_bipes",4
674,1992,"Pogona_minor",5
674,1992,"Delma_butleri",7
674,1992,"Heteronotia_binoei",8
674,1992,"Egernia_striata",15
674,1992,"Varanus_brevicauda",16
674,1992,"Varanus_eremius",16
674,1992,"Ctenotus_quatturodecimlineatus",16
674,1992,"Menetia_greyi",27
674,1992,"Ctenotus_hanloniX",33
674,1992,"Ctenotus_ariadnae",61
674,1992,"Ctenotus_pantherinus",74
674,1992,"Ctenotus_piankai",79
674,1992,"Ctenophorus_isolepis",82
674,1992,"Ctenotus_hanloni",117
674,1992,"Ctenotus_calurus",144
675,1995,"Moloch_horridus",1
675,1995,"Gehyra_purpurascens",1
675,1995,"Diplodactylus_conspicillatus",1
675,1995,"Ctenotus_leae",1
675,1995,"Ctenotus_helenae",1
675,1995,"Tiliqua_multifasciata",1
675,1995,"Ctenotus_colletti",1
675,1995,"Ctenotus_quatturodecimlineatus",1
675,1995,"Delma_butleri",2
675,1995,"Ctenotus_piankai",4
675,1995,"Varanus_brevicauda",5
675,1995,"Ctenotus_hanloniX",5
675,1995,"Menetia_greyi",5
675,1995,"Ctenotus_ariadnae",7
675,1995,"Ctenotus_pantherinus",10
675,1995,"Ctenophorus_isolepis",20
675,1995,"Ctenotus_hanloni",20
675,1995,"Ctenotus_calurus",26
676,1995,"Delma_nasuta",1
676,1995,"Ctenotus_grandis",1
676,1995,"Ctenotus_dux",1
676,1995,"Ctenotus_greeri",1
676,1995,"Lerista_bipes",2
676,1995,"Nephurus_laevissimus",2
676,1995,"Delma_butleri",3
676,1995,"Ctenotus_helenae",5
676,1995,"Varanus_brevicauda",7
676,1995,"Gehyra_purpurascens",8
676,1995,"Ctenotus_hanloniX",8
676,1995,"Diplodactylus_conspicillatus",9
676,1995,"Menetia_greyi",9
676,1995,"Egernia_striata",10
676,1995,"Ctenotus_piankai",10
676,1995,"Ctenotus_quatturodecimlineatus",10
676,1995,"Diplodactylus_damaeus",17
676,1995,"Ctenotus_ariadnae",19
676,1995,"Ctenophorus_clayi",21
676,1995,"Ctenophorus_isolepis",22
676,1995,"Ctenotus_calurus",25
676,1995,"Ctenotus_pantherinus",28
676,1995,"Ctenotus_hanloni",30
676,1995,"Rhynchoedura_ornata",33
676,1995,"Ctenophorus_nuchalis",90
677,1998,"Lialis_burtonis",1
677,1998,"Varanus_gouldii",1
677,1998,"Ctenophorus_nuchalis",1
677,1998,"Lophognathus_longirostris",1
677,1998,"Tiliqua_multifasciata",1
677,1998,"Ctenophorus_clayi",1
677,1998,"Ctenotus_greeri",1
677,1998,"Nephurus_laevissimus",1
677,1998,"Moloch_horridus",2
677,1998,"Morethia_butleri",2
677,1998,"Heteronotia_binoei",2
677,1998,"Delma_nasuta",2
677,1998,"Ctenotus_colletti",2
677,1998,"Ctenotus_dux",3
677,1998,"Pygopus_nigriceps",3
677,1998,"Egernia_inornata",4
677,1998,"Ctenotus_grandis",4
677,1998,"Ctenotus_helenae",5
677,1998,"Menetia_greyi",5
677,1998,"Gehyra_purpurascens",7
677,1998,"Pogona_minor",8
677,1998,"Diplodactylus_elderi",9
677,1998,"Varanus_eremius",10
677,1998,"Diplodactylus_damaeus",11
677,1998,"Lerista_bipes",12
677,1998,"Diplodactylus_conspicillatus",14
677,1998,"Varanus_brevicauda",19
677,1998,"Delma_butleri",28
677,1998,"Egernia_striata",34
677,1998,"Ctenotus_hanloniX",39
677,1998,"Ctenotus_pantherinus",42
677,1998,"Ctenotus_quatturodecimlineatus",47
677,1998,"Ctenotus_ariadnae",71
677,1998,"Ctenotus_calurus",95
677,1998,"Ctenotus_piankai",116
677,1998,"Ctenotus_hanloni",139
677,1998,"Ctenophorus_isolepis",144
678,2003,"Moloch_horridus",1
678,2003,"Pogona_minor",1
678,2003,"Lophognathus_longirostris",1
678,2003,"Ctenotus_greeri",1
678,2003,"Ctenotus_leonhardii",1
678,2003,"Diplodactylus_elderi",1
678,2003,"Nephurus_laevissimus",1
678,2003,"Egernia_striata",2
678,2003,"Varanus_gouldii",2
678,2003,"Diplodactylus_conspicillatus",2
678,2003,"Heteronotia_binoei",2
678,2003,"Delma_nasuta",2
678,2003,"Lerista_bipes",2
678,2003,"Cyclodomorphus_melanops",2
678,2003,"Delma_butleri",3
678,2003,"Ctenotus_helenae",3
678,2003,"Ctenotus_hanloni",3
678,2003,"Varanus_eremius",4
678,2003,"Ctenotus_ariadnae",4
678,2003,"Ctenophorus_nuchalis",5
678,2003,"Ctenotus_quatturodecimlineatus",5
678,2003,"Rhynchoedura_ornata",8
678,2003,"Varanus_brevicauda",9
678,2003,"Ctenotus_piankai",10
678,2003,"Ctenotus_calurus",13
678,2003,"Ctenotus_pantherinus",14
678,2003,"Ctenophorus_isolepis",36
679,2003,"Moloch_horridus",1
679,2003,"Gehyra_purpurascens",1
679,2003,"Delma_butleri",1
679,2003,"Morethia_butleri",1
679,2003,"Ctenotus_helenae",1
679,2003,"Ctenotus_pantherinus",1
679,2003,"Varanus_eremius",1
679,2003,"Ctenotus_ariadnae",1
679,2003,"Pogona_minor",2
679,2003,"Lerista_desertorum",2
679,2003,"Tiliqua_multifasciata",2
679,2003,"Ctenotus_schomburgkii",3
679,2003,"Egernia_striata",3
679,2003,"Ctenotus_hanloniX",3
679,2003,"Menetia_greyi",3
679,2003,"Ctenotus_colletti",4
679,2003,"Nephurus_laevissimus",4
679,2003,"Ctenotus_hanloni",5
679,2003,"Diplodactylus_damaeus",6
679,2003,"Diplodactylus_stenodactylus",7
679,2003,"Varanus_brevicauda",7
679,2003,"Diplodactylus_elderi",7
679,2003,"Diplodactylus_ciliaris",8
679,2003,"Ctenotus_quatturodecimlineatus",8
679,2003,"Diplodactylus_conspicillatus",10
679,2003,"Ctenophorus_clayi",19
679,2003,"Lerista_bipes",23
679,2003,"Rhynchoedura_ornata",24
679,2003,"Ctenophorus_isolepis",29
679,2003,"Ctenotus_calurus",42
679,2003,"Ctenotus_piankai",43
679,2003,"Ctenophorus_nuchalis",129
680,2008,"Moloch_horridus",1
680,2008,"Pogona_minor",1
680,2008,"Gehyra_purpurascens",1
680,2008,"Lialis_burtonis",1
680,2008,"Diplodactylus_ciliaris",1
680,2008,"Heteronotia_binoei",1
680,2008,"Delma_nasuta",1
680,2008,"Ctenotus_grandis",1
680,2008,"Ctenotus_helenae",1
680,2008,"Ctenophorus_clayi",1
680,2008,"Egernia_striata",2
680,2008,"Ctenophorus_nuchalis",2
680,2008,"Diplodactylus_elderi",2
680,2008,"Diplodactylus_conspicillatus",3
680,2008,"Cyclodomorphus_melanops",3
680,2008,"Ctenotus_hanloni",4
680,2008,"Nephurus_laevissimus",4
680,2008,"Delma_butleri",5
680,2008,"Ctenotus_ariadnae",5
680,2008,"Ctenotus_quatturodecimlineatus",6
680,2008,"Lerista_bipes",7
680,2008,"Ctenotus_piankai",8
680,2008,"Menetia_greyi",10
680,2008,"Varanus_brevicauda",11
680,2008,"Varanus_eremius",17
680,2008,"Ctenotus_calurus",29
680,2008,"Ctenotus_pantherinus",36
680,2008,"Ctenophorus_isolepis",68
690,1998,"Anolis_sp.",1
690,1998,"Anolis_sp.",1
690,1998,"Anolis_sp.",1
690,1998,"Anolis_sp.",1
690,1998,"Amastridium_veliferum",1
690,1998,"Amastridium_veliferum",1
690,1998,"Geophis_brachycephalus",1
690,1998,"Geophis_brachycephalus",1
690,1998,"Liophis_epinephalus",1
690,1998,"Liophis_epinephalus",1
690,1998,"Urotheca_decipieni",1
690,1998,"Urotheca_decipieni",1
690,1998,"Lachesis_stenophrys",1
690,1998,"Lachesis_stenophrys",1
690,1998,"Anolis_exsul",2
690,1998,"Anolis_exsul",2
690,1998,"Amastridium_grandisquamis",2
690,1998,"Amastridium_grandisquamis",2
690,1998,"Sibon_nebulatus",2
690,1998,"Sibon_nebulatus",2
690,1998,"Leptodeira_septentrionalis",2
690,1998,"Leptodeira_septentrionalis",2
690,1998,"Anolis_casildae",3
690,1998,"Anolis_casildae",3
690,1998,"Sibon_argus",3
690,1998,"Sibon_argus",3
690,1998,"Lepidoblepharus_xanthostigma",4
690,1998,"Lepidoblepharus_xanthostigma",4
690,1998,"Ptychoglossus_plicatus",4
690,1998,"Ptychoglossus_plicatus",4
690,1998,"Anolis_biporcatus",5
690,1998,"Anolis_biporcatus",5
690,1998,"Anolis_limifrons",9
690,1998,"Anolis_limifrons",9
690,1998,"Imantodes_cenchoa",11
690,1998,"Imantodes_cenchoa",11
690,1998,"Anolis_aquaticus",13
690,1998,"Anolis_aquaticus",13
690,1998,"Sibon_dimidiatus",17
690,1998,"Sibon_dimidiatus",17
690,1998,"Anolis_pachypus",25
690,1998,"Anolis_pachypus",25
690,1998,"Anolis_humilis",44
690,1998,"Anolis_humilis",44
692,1984,"Lampropeltis_getula",1
692,1984,"Cemophora_coccinea",1
692,1984,"Nerodia_fasciata",2
692,1984,"Micrurus_fulvius",4
692,1984,"Drymarchon_corais",10
692,1984,"Crotalus_adamanteus",10
692,1984,"Elaphe_guttata",17
692,1984,"Storeria_dekayi",22
692,1984,"Diadophis_punctatus",24
692,1984,"Agkistrodon_piscivorus",27
692,1984,"Elaphe_obsoleta",39
692,1984,"Opheodrys_aestivus",50
692,1984,"Sistrurus_miliarius",70
692,1984,"Coluber_constrictor",77
692,1984,"Thamnophis_sauritus",98
692,1984,"Thamnophis_sirtalis",100
693,1985,"Lampropeltis_triangulum",1
693,1985,"Nerodia_taxispilota",1
693,1985,"Regina_alleni",1
693,1985,"Drymarchon_corais",2
693,1985,"Farancia_abacura",2
693,1985,"Lampropeltis_getula",3
693,1985,"Cemophora_coccinea",4
693,1985,"Nerodia_fasciata",5
693,1985,"Crotalus_adamanteus",8
693,1985,"Micrurus_fulvius",13
693,1985,"Agkistrodon_piscivorus",24
693,1985,"Elaphe_guttata",30
693,1985,"Diadophis_punctatus",36
693,1985,"Elaphe_obsoleta",47
693,1985,"Storeria_dekayi",57
693,1985,"Thamnophis_sauritus",69
693,1985,"Coluber_constrictor",73
693,1985,"Opheodrys_aestivus",82
693,1985,"Thamnophis_sirtalis",102
693,1985,"Sistrurus_miliarius",102
694,1986,"Cemophora_coccinea",1
694,1986,"Nerodia_taxispilota",1
694,1986,"Lampropeltis_getula",4
694,1986,"Drymarchon_corais",5
694,1986,"Micrurus_fulvius",5
694,1986,"Nerodia_fasciata",6
694,1986,"Crotalus_adamanteus",13
694,1986,"Agkistrodon_piscivorus",23
694,1986,"Opheodrys_aestivus",28
694,1986,"Elaphe_guttata",36
694,1986,"Thamnophis_sauritus",43
694,1986,"Elaphe_obsoleta",47
694,1986,"Storeria_dekayi",56
694,1986,"Coluber_constrictor",58
694,1986,"Diadophis_punctatus",59
694,1986,"Thamnophis_sirtalis",77
694,1986,"Sistrurus_miliarius",99
695,1987,"Lampropeltis_getula",1
695,1987,"Lampropeltis_triangulum",1
695,1987,"Cemophora_coccinea",1
695,1987,"Opheodrys_aestivus",1
695,1987,"Nerodia_fasciata",1
695,1987,"Nerodia_cyclopion",2
695,1987,"Coluber_constrictor",5
695,1987,"Storeria_dekayi",9
695,1987,"Sistrurus_miliarius",10
695,1987,"Nerodia_fasciata",43
695,1987,"Agkistrodon_piscivorus",45
695,1987,"Thamnophis_sirtalis",50
695,1987,"Thamnophis_sauritus",60
696,1988,"Coluber_constrictor",1
696,1988,"Lampropeltis_getula",1
696,1988,"Diadophis_punctatus",1
696,1988,"Cemophora_coccinea",1
696,1988,"Farancia_abacura",1
696,1988,"Regina_alleni",6
696,1988,"Nerodia_fasciata",7
696,1988,"Sistrurus_miliarius",15
696,1988,"Nerodia_cyclopion",16
696,1988,"Storeria_dekayi",21
696,1988,"Agkistrodon_piscivorus",53
696,1988,"Nerodia_fasciata",190
696,1988,"Thamnophis_sirtalis",208
696,1988,"Thamnophis_sauritus",239
697,1984,"Coluber_constrictor",1
697,1984,"Nerodia_fasciata",1
697,1984,"Heterodon_nasicus",2
697,1984,"Regina_rigida",2
697,1984,"Farancia_abacura",2
697,1984,"Opheodrys_aestivus",3
697,1984,"Thamnophis_proximus",4
697,1984,"Masticophis_flagellum",5
697,1984,"Nerodia_erythrogaster",5
697,1984,"Storeria_occipitomaculata",5
697,1984,"Lampropeltis_getula",6
697,1984,"Elaphe_obsoleta",8
697,1984,"Storeria_dekayi",10
697,1984,"Agkistrodon_contortrix",42
697,1984,"Agkistrodon_piscivorus",46
698,1984,"Lampropeltis_calligaster",1
698,1984,"Thamnophis_proximus",1
698,1984,"Nerodia_erythrogaster",1
698,1984,"Storeria_occipitomaculata",1
698,1984,"Virginia_valeriae",1
698,1984,"Regina_rigida",1
698,1984,"Nerodia_fasciata",1
698,1984,"Storeria_dekayi",2
698,1984,"Heterodon_nasicus",2
698,1984,"Tantilla_gracilis",3
698,1984,"Coluber_constrictor",4
698,1984,"Opheodrys_aestivus",4
698,1984,"Heterodon_platirhinos",6
698,1984,"Elaphe_obsoleta",10
698,1984,"Micrurus_fulvius",11
698,1984,"Masticophis_flagellum",20
698,1984,"Agkistrodon_contortrix",30
699,1984,"Storeria_dekayi",1
699,1984,"Arizona_elegans",1
699,1984,"Nerodia_fasciata",1
699,1984,"Heterodon_nasicus",3
699,1984,"Coluber_constrictor",4
699,1984,"Opheodrys_aestivus",5
699,1984,"Heterodon_platirhinos",6
699,1984,"Elaphe_obsoleta",8
699,1984,"Masticophis_flagellum",10
699,1984,"Agkistrodon_contortrix",33
700,2004,"Trionyx_spiniferus",1
700,2004,"Sceloporus_undulatus",2
700,2004,"Thamnophis_marcianus",2
700,2004,"Tantilla_gracilis",3
700,2004,"Sternothorus_odoratus",3
700,2004,"Leptotyphlops_dulcis",3
700,2004,"Trionyx_sp.",4
700,2004,"Sceloporus_olivaceus",4
700,2004,"Neroida_erythrogaster",4
700,2004,"Virginia_striatula",5
700,2004,"Hemidactylus_turcicus",7
700,2004,"Scincella_lateralis",18
700,2004,"Chelydra_serpentina",49
700,2004,"Pseudemys_texana",64
700,2004,"Trachemys_scripta",80
701,2000,"Norops_capito",2
701,2000,"Norops_lemurimus",2
701,2000,"Sphenomorphus_cherriei",2
701,2000,"Corytophanes_cristatus",3
701,2000,"Norops_humilis",8
701,2000,"Norops_limifrons",12
702,2000,"Norops_capito",3
702,2000,"Sphenomorphus_cherriei",7
702,2000,"Norops_limifrons",15
702,2000,"Norops_humilis",21
707,1995,"Lampropeltis_triangulum",1
707,1995,"Nerodia_sipedon",1
707,1995,"Crotalus_atrox",1
707,1995,"Crotalus_horridus",1
707,1995,"Nerodia_erythrogaster",2
707,1995,"Sistrurus_miliarius",2
707,1995,"Cnemidophorus_sexlineatus",2
707,1995,"Thamnophis_sirtalis",3
707,1995,"Elaphe_obsoleta",3
707,1995,"Opheodrys_aestivus",3
707,1995,"Agkistrodon_piscivorus",4
707,1995,"Virginia_valeriae",4
707,1995,"Lampropeltis_getula",5
707,1995,"Storeria_dekayi",6
707,1995,"Coluber_constrictor",8
707,1995,"Eumeces_laticeps",10
707,1995,"Carphophis_vermis",11
707,1995,"Storeria_occipitomaculata",12
707,1995,"Agkistrodon_contortrix",16
707,1995,"Eumeces_anthracinus",21
707,1995,"Diadophis_punctatus",35
707,1995,"Anolis_carolinensis",43
707,1995,"Terrapene_carolina",46
707,1995,"Eumeces_fasciatus",48
707,1995,"Sceloporus_undulatus",93
707,1995,"Scincella_lateralis",187
708,1995,"Lampropeltis_triangulum",1
708,1995,"Elaphe_obsoleta",1
708,1995,"Storeria_dekayi",1
708,1995,"Masticophis_flagellum",1
708,1995,"Elaphe_guttata",1
708,1995,"Virginia_striatula",1
708,1995,"Nerodia_rhombifer",1
708,1995,"Thamnophis_sirtalis",2
708,1995,"Lampropeltis_getula",3
708,1995,"Tantilla_gracilis",3
708,1995,"Sistrurus_miliarius",4
708,1995,"Virginia_valeriae",4
708,1995,"Anolis_carolinensis",4
708,1995,"Eumeces_laticeps",4
708,1995,"Storeria_occipitomaculata",5
708,1995,"Agkistrodon_contortrix",7
708,1995,"Cnemidophorus_sexlineatus",7
708,1995,"Nerodia_erythrogaster",8
708,1995,"Carphophis_vermis",9
708,1995,"Opheodrys_aestivus",9
708,1995,"Coluber_constrictor",11
708,1995,"Eumeces_anthracinus",12
708,1995,"Diadophis_punctatus",18
708,1995,"Agkistrodon_piscivorus",20
708,1995,"Terrapene_carolina",20
708,1995,"Eumeces_fasciatus",22
708,1995,"Sceloporus_undulatus",110
708,1995,"Scincella_lateralis",111
709,1995,"Lampropeltis_getula",1
709,1995,"Elaphe_obsoleta",1
709,1995,"Cemophora_coccinea",1
709,1995,"Heterodon_platirhinos",1
709,1995,"Nerodia_erythrogaster",1
709,1995,"Sistrurus_miliarius",1
709,1995,"Crotalus_horridus",1
709,1995,"Storeria_dekayi",2
709,1995,"Opheodrys_aestivus",2
709,1995,"Lampropeltis_triangulum",4
709,1995,"Tantilla_gracilis",4
709,1995,"Virginia_valeriae",6
709,1995,"Coluber_constrictor",7
709,1995,"Thamnophis_sirtalis",7
709,1995,"Agkistrodon_piscivorus",7
709,1995,"Storeria_occipitomaculata",7
709,1995,"Agkistrodon_contortrix",8
709,1995,"Eumeces_laticeps",11
709,1995,"Terrapene_carolina",16
709,1995,"Anolis_carolinensis",18
709,1995,"Eumeces_anthracinus",26
709,1995,"Carphophis_vermis",29
709,1995,"Diadophis_punctatus",44
709,1995,"Eumeces_fasciatus",46
709,1995,"Scincella_lateralis",160
709,1995,"Sceloporus_undulatus",209
710,1995,"Coluber_constrictor",1
710,1995,"Elaphe_obsoleta",1
710,1995,"Tantilla_gracilis",1
710,1995,"Thamnophis_proximus",1
710,1995,"Heterodon_platirhinos",1
710,1995,"Cnemidophorus_sexlineatus",1
710,1995,"Thamnophis_sirtalis",2
710,1995,"Lampropeltis_triangulum",2
710,1995,"Storeria_dekayi",2
710,1995,"Nerodia_erythrogaster",2
710,1995,"Sistrurus_miliarius",3
710,1995,"Eumeces_laticeps",3
710,1995,"Nerodia_sipedon",4
710,1995,"Opheodrys_aestivus",5
710,1995,"Virginia_valeriae",5
710,1995,"Agkistrodon_piscivorus",10
710,1995,"Storeria_occipitomaculata",10
710,1995,"Eumeces_anthracinus",11
710,1995,"Carphophis_vermis",13
710,1995,"Agkistrodon_contortrix",16
710,1995,"Eumeces_fasciatus",16
710,1995,"Terrapene_carolina",26
710,1995,"Diadophis_punctatus",29
710,1995,"Sceloporus_undulatus",47
710,1995,"Scincella_lateralis",69
711,1990,"Elaphe_obsoleta",1
711,1990,"Elaphe_obsoleta",1
711,1990,"Diadophis_punctatus",1
711,1990,"Diadophis_punctatus",1
711,1990,"Agkistrodon_piscivorus",1
711,1990,"Agkistrodon_piscivorus",1
711,1990,"Opheodrys_aestivus",1
711,1990,"Opheodrys_aestivus",1
711,1990,"Regina_regida",1
711,1990,"Regina_regida",1
711,1990,"Heterodon_platyrhinos",1
711,1990,"Heterodon_platyrhinos",1
711,1990,"Terrapene_carolina",2
711,1990,"Terrapene_carolina",2
711,1990,"Micrurus_fulvius",2
711,1990,"Micrurus_fulvius",2
711,1990,"Thamnophis_proximus",4
711,1990,"Thamnophis_proximus",4
711,1990,"Coluber_constrictor",5
711,1990,"Coluber_constrictor",5
711,1990,"Storeria_dekayi",7
711,1990,"Storeria_dekayi",7
711,1990,"Ophisaurus_attenuatus",7
711,1990,"Ophisaurus_attenuatus",7
711,1990,"Sceloporus_undulatus",15
711,1990,"Sceloporus_undulatus",15
711,1990,"Anolis_carolinensis",25
711,1990,"Anolis_carolinensis",25
711,1990,"Cnemidophorus_sexlineatus",28
711,1990,"Cnemidophorus_sexlineatus",28
711,1990,"Eumeces_anthracinus",60
711,1990,"Eumeces_anthracinus",60
711,1990,"Scincella_lateralis",163
711,1990,"Scincella_lateralis",163
712,1990,"Lampropeltis_getula",1
712,1990,"Masticophis_flagellum",1
712,1990,"Elaphe_guttata",1
712,1990,"Storeria_occipitomaculata",1
712,1990,"Terrapene_carolina",1
712,1990,"Micrurus_fulvius",1
712,1990,"Ophisaurus_attenuatus",2
712,1990,"Eumeces_fasciatus",2
712,1990,"Heterodon_platyrhinos",2
712,1990,"Eumeces_laticeps",3
712,1990,"Coluber_constrictor",4
712,1990,"Agkistrodon_contortrix",4
712,1990,"Virginia_striatula",4
712,1990,"Storeria_dekayi",11
712,1990,"Eumeces_anthracinus",14
712,1990,"Sceloporus_undulatus",23
712,1990,"Anolis_carolinensis",47
712,1990,"Cnemidophorus_sexlineatus",54
712,1990,"Scincella_lateralis",242
721,2007,"Naja_melanoleuca",1
721,2007,"Atheris_squamiger",1
721,2007,"Mehelya_poensis",2
721,2007,"Python_sebae",2
721,2007,"Dendroaspis_jamesoni",2
721,2007,"Bitis_gabonica",2
721,2007,"Mabuya_maculilabris",2
721,2007,"Naja_nigricollis",3
721,2007,"Crocodylus_niloticus",3
721,2007,"Kinixys_erosa",3
721,2007,"Varanus_ornatus",3
721,2007,"Osteolaemus_tetraspis",5
721,2007,"Lygosoma_fernandii",5
721,2007,"Causus_maculatus",6
721,2007,"Grayia_smithii",7
721,2007,"Gastropyxis_smaragdina",10
721,2007,"Agama_agama",78
721,2007,"Mabuya_affinis",92
722,2007,"Python_regius",1
722,2007,"Dendroaspis_jamesoni",1
722,2007,"Kinixys_erosa",1
722,2007,"Lygosoma_fernandii",1
722,2007,"Calabaria_reinhardti",1
722,2007,"Causus_maculatus",2
722,2007,"Crocodylus_niloticus",2
722,2007,"Grayia_smithii",2
722,2007,"Gastropyxis_smaragdina",4
722,2007,"Pelusios_niger",4
722,2007,"Varanus_ornatus",7
722,2007,"Osteolaemus_tetraspis",8
722,2007,"Agama_agama",51
722,2007,"Mabuya_affinis",67
723,2007,"Naja_nigricollis",1
723,2007,"Bitis_gabonica",1
723,2007,"Pelusios_niger",1
723,2007,"Naja_melanoleuca",2
723,2007,"Causus_maculatus",2
723,2007,"Kinixys_erosa",2
723,2007,"Gastropyxis_smaragdina",4
723,2007,"Varanus_ornatus",5
723,2007,"Lygosoma_fernandii",7
723,2007,"Agama_agama",43
723,2007,"Mabuya_affinis",105
724,2007,"Mehelya_poensis",1
724,2007,"Python_sebae",1
724,2007,"Gastropyxis_smaragdina",1
724,2007,"Dendroaspis_jamesoni",1
724,2007,"Causus_maculatus",1
724,2007,"Crocodylus_niloticus",1
724,2007,"Pelusios_niger",1
724,2007,"Mabuya_maculilabris",1
724,2007,"Osteolaemus_tetraspis",2
724,2007,"Varanus_ornatus",2
724,2007,"Grayia_smithii",5
724,2007,"Lygosoma_fernandii",16
724,2007,"Agama_agama",39
724,2007,"Mabuya_affinis",44
725,2008,"Mabuya_varia",1
725,2008,"Gerrhosaurus_flavigularis",1
725,2008,"Varanus_albigularis",1
725,2008,"Python_sebae",1
725,2008,"Chamaeleo_africanus",1
725,2008,"Pristurus_flavipunctatus",1
725,2008,"Philochortus_phillipsii",1
725,2008,"Mabuya_quiquetaeniata",1
725,2008,"Aparallactus_lunulatus",1
725,2008,"Coluber_taylori",1
725,2008,"Psammophis_sibilans",1
725,2008,"Chalcides_ocellatus",2
725,2008,"Agama_rueppelli",2
725,2008,"Lygosoma_afrum",2
725,2008,"Eryx_colubrinus",2
725,2008,"Agama_agama",3
725,2008,"Hemidactylus_macropholis",3
725,2008,"Hemidactylus_squamulatus",3
725,2008,"Latastia_longicaudata",4
725,2008,"Mabuya_brevicollis",4
725,2008,"Psammophis_punctulatus",4
725,2008,"Pelomedusa_subrufa",4
725,2008,"Mabuya_maculilabris",5
725,2008,"Hemidactylus_sinaitus",5
725,2008,"Latastia_dorai",6
725,2008,"Testudo_pardalis",8
725,2008,"Agama_spinosa",12
725,2008,"Echis_pyramidum",12
725,2008,"Varanus_niloticus",20
725,2008,"Crocodylus_niloticus",24
725,2008,"Mabuya_striata",150
725,2008,"Tarentola_annullaris",252
726,1992,"Pygopus_lepidopodus",1
726,1992,"Rhynchoedura_ornata",1
726,1992,"Lialis_burtonis",1
726,1992,"Varanus_gouldii",1
726,1992,"Ctenophorus_pictus",1
726,1992,"Ctenotus_robustus",1
726,1992,"Diplodactylus_intermedius",1
726,1992,"Nephruris_levis",2
726,1992,"Simoselaps_australis",3
726,1992,"Ctenotus_schomburgkii",4
726,1992,"Lucasium_damaeum",4
726,1992,"Ctenophorus_fordi",5
726,1992,"Ctenotus_regius",6
726,1992,"Ctenotus_atlas",9
726,1992,"Egernia_inornata",9
727,1992,"Varanus_gouldii",1
727,1992,"Lerista_punctatovittata",1
727,1992,"Rampotyphlops_bituberculata",1
727,1992,"Ctenotus_schomburgkii",2
727,1992,"Pseudechis_nuchalis",2
727,1992,"Ctenophorus_pictus",3
727,1992,"Rhynchoedura_ornata",4
727,1992,"Egernia_inornata",4
727,1992,"Ctenotus_atlas",6
727,1992,"Diplodactylus_intermedius",7
727,1992,"Ctenophorus_fordi",8
727,1992,"Lucasium_damaeum",8
727,1992,"Nephruris_levis",13
727,1992,"Ctenotus_regius",17
728,1992,"Lerista_punctatovittata",1
728,1992,"Denisonia_suta",1
728,1992,"Pseudechis_nuchalis",1
728,1992,"Rhynchoedura_ornata",4
728,1992,"Egernia_inornata",4
728,1992,"Simoselaps_australis",4
728,1992,"Ctenotus_atlas",5
728,1992,"Ctenotus_regius",6
728,1992,"Ctenotus_schomburgkii",7
728,1992,"Diplodactylus_intermedius",7
728,1992,"Nephruris_levis",9
728,1992,"Ctenophorus_fordi",13
728,1992,"Lucasium_damaeum",17
729,1992,"Lialis_burtonis",1
729,1992,"Diplodactylus_vittatus",1
729,1992,"Lerista_punctatovittata",1
729,1992,"Diplodactylus_intermedius",2
729,1992,"Egernia_inornata",4
729,1992,"Ctenophorus_pictus",4
729,1992,"Simoselaps_australis",4
729,1992,"Nephruris_levis",6
729,1992,"Rhynchoedura_ornata",7
729,1992,"Ctenophorus_fordi",7
729,1992,"Ctenotus_schomburgkii",8
729,1992,"Lucasium_damaeum",11
729,1992,"Ctenotus_regius",14
730,1992,"Pogona_vitticeps",1
730,1992,"Amphibolurus_nobbi",1
730,1992,"Egernia_inornata",2
730,1992,"Diplodactylus_intermedius",2
730,1992,"Diplodactylus_vittatus",3
730,1992,"Ctenotus_schomburgkii",5
730,1992,"Rhynchoedura_ornata",9
730,1992,"Ctenotus_atlas",17
730,1992,"Ctenophorus_pictus",27
730,1992,"Lucasium_damaeum",34
730,1992,"Ctenophorus_fordi",55
732,1992,"Ctenotus_regius",1
732,1992,"Amphibolurus_nobbi",1
732,1992,"Diplodactylus_intermedius",1
732,1992,"Diplodactylus_vittatus",1
732,1992,"Simoselaps_australis",1
732,1992,"Ctenotus_schomburgkii",5
732,1992,"Egernia_inornata",6
732,1992,"Ctenotus_atlas",8
732,1992,"Rhynchoedura_ornata",11
732,1992,"Ctenophorus_fordi",36
732,1992,"Lucasium_damaeum",41
734,1995,"Coluber_constrictor",1
734,1995,"Cemophora_coccinea",1
734,1995,"Opheodrys_aestivus",1
734,1995,"Storeria_occipitomaculata",1
734,1995,"Lampropeltis_getula",2
734,1995,"Elaphe_guttata",2
734,1995,"Cnemidophorus_sexlineatus",2
734,1995,"Lampropeltis_triangulum",3
734,1995,"Tantilla_gracilis",3
734,1995,"Sistrurus_miliarius",3
734,1995,"Storeria_dekayi",4
734,1995,"Heterodon_platirhinos",4
734,1995,"Carphophis_vermis",5
734,1995,"Agkistrodon_contortrix",6
734,1995,"Virginia_valeriae",6
734,1995,"Masticophis_flagellum",7
734,1995,"Eumeces_fasciatus",9
734,1995,"Anolis_carolinensis",10
734,1995,"Thamnophis_sirtalis",14
734,1995,"Eumeces_anthracinus",15
734,1995,"Eumeces_laticeps",25
734,1995,"Diadophis_punctatus",26
734,1995,"Scincella_lateralis",40
734,1995,"Sceloporus_undulatus",45
735,1995,"Lampropeltis_triangulum",1
735,1995,"Nerodia_sipedon",1
735,1995,"Nerodia_erythrogaster",1
735,1995,"Virginia_valeriae",1
735,1995,"Agkistrodon_piscivorus",2
735,1995,"Lampropeltis_getula",3
735,1995,"Storeria_dekayi",3
735,1995,"Carphophis_vermis",3
735,1995,"Opheodrys_aestivus",3
735,1995,"Storeria_occipitomaculata",3
735,1995,"Coluber_constrictor",7
735,1995,"Thamnophis_sirtalis",7
735,1995,"Diadophis_punctatus",8
735,1995,"Eumeces_fasciatus",8
735,1995,"Cnemidophorus_sexlineatus",9
735,1995,"Anolis_carolinensis",10
735,1995,"Eumeces_laticeps",10
735,1995,"Eumeces_anthracinus",14
735,1995,"Agkistrodon_contortrix",19
735,1995,"Sceloporus_undulatus",26
735,1995,"Scincella_lateralis",28
736,1995,"Lampropeltis_getula",1
736,1995,"Lampropeltis_triangulum",1
736,1995,"Cemophora_coccinea",1
736,1995,"Eumeces_fasciatus",1
736,1995,"Elaphe_obsoleta",2
736,1995,"Lampropeltis_calligaster",2
736,1995,"Diadophis_punctatus",2
736,1995,"Heterodon_platirhinos",2
736,1995,"Opheodrys_aestivus",2
736,1995,"Anolis_carolinensis",2
736,1995,"Thamnophis_sirtalis",3
736,1995,"Scincella_lateralis",3
736,1995,"Nerodia_erythrogaster",3
736,1995,"Storeria_occipitomaculata",3
736,1995,"Storeria_dekayi",4
736,1995,"Cnemidophorus_sexlineatus",4
736,1995,"Eumeces_laticeps",4
736,1995,"Agkistrodon_piscivorus",5
736,1995,"Coluber_constrictor",6
736,1995,"Agkistrodon_contortrix",6
736,1995,"Sceloporus_undulatus",7
737,1986,"Coleonyx_variegatus",1
737,1986,"Phrynosoma_cornutum",2
737,1986,"Phyllodactylus_unctus",2
737,1986,"Sceloporus_monserratensis",2
737,1986,"Ctenosaura_hemilopha",2
737,1986,"Callisaurus_draconoides",3
737,1986,"Sceloporus_zosteromus",3
737,1986,"Dipsosaurus_dorsalis",9
737,1986,"Uta_stansburiana",13
737,1986,"Urosaurus_nigricaudus",40
737,1986,"Cnemidophorus_hyperythrus",42
739,1995,"Lampropeltis_triangulum",1
739,1995,"Heterodon_platirhinos",1
739,1995,"Virginia_striatula",1
739,1995,"Clemmys_guttata",1
739,1995,"Tantilla_coronata",1
739,1995,"Elaphe_guttata",2
739,1995,"Crotalus_horridus",2
739,1995,"Ophisaurus_ventralis",2
739,1995,"Alligator_mississippiensis",2
739,1995,"Pseudemys_concinna",4
739,1995,"Terrapene_carolina",6
739,1995,"Lampropeltis_getula",7
739,1995,"Elaphe_obsoleta",7
739,1995,"Opheodrys_aestivus",7
739,1995,"Farancia_abacura",7
739,1995,"Cnemidophorus_sexlineatus",8
739,1995,"Pseudemys_floridana",8
739,1995,"Thamnophis_sirtalis",9
739,1995,"Eumeces_inexpectatus",9
739,1995,"Thamnophis_sauritus",10
739,1995,"Carphophis_amoenus",11
739,1995,"Eumeces_sp.",12
739,1995,"Sternotherus_odoratus",13
739,1995,"Cemophora_coccinea",15
739,1995,"Nerodia_erythrogaster",15
739,1995,"Kinosternon_baurii",15
739,1995,"Diadophis_punctatus",16
739,1995,"Nerodia_taxispilota",19
739,1995,"Coluber_constrictor",21
739,1995,"Kinosternon_subrubrum",21
739,1995,"Agkistrodon_piscivorus",23
739,1995,"Farancia_erytrogramma",23
739,1995,"Sceloporus_undulatus",31
739,1995,"Storeria_dekayi",37
739,1995,"Storeria_occipitomaculata",57
739,1995,"Nerodia_fasciata",61
739,1995,"Scincella_lateralis",69
739,1995,"Chelydra_serpentina",81
739,1995,"Eumeces_fasciatus",85
739,1995,"Eumeces_laticeps",106
739,1995,"Anolis_carolinensis",162
739,1995,"Trachemys_scripta",215
